Perturbed Key,Reason,Category,Perturbation Type
chart_097_medium_line,Extraction failed - Missing or invalid data,Extraction Failure,medium
chart_095_complex_bar,Extraction failed - Missing or invalid data,Extraction Failure,complex
chart_025_medium_bar,Extraction failed - Missing or invalid data,Extraction Failure,medium
chart_153_advanced_pie,Extraction failed - Missing or invalid data,Extraction Failure,advanced
chart_003_advanced_pie,Extraction failed - Missing or invalid data,Extraction Failure,advanced
chart_006_advanced_scatter,Extraction failed - Missing or invalid data,Extraction Failure,advanced
chart_148_advanced_scatter,Extraction failed - Missing or invalid data,Extraction Failure,advanced
chart_103_complex_scatter,Extraction failed - Missing or invalid data,Extraction Failure,complex
chart_120_complex_pie,Extraction failed - Missing or invalid data,Extraction Failure,complex
chart_113_complex_bar,Extraction failed - Missing or invalid data,Extraction Failure,complex
chart_102_medium_line,Extraction failed - Missing or invalid data,Extraction Failure,medium
chart_086_medium_bar,Extraction failed - Missing or invalid data,Extraction Failure,medium
chart_050_medium_pie,Extraction failed - Missing or invalid data,Extraction Failure,medium
chart_177_complex_bar,Extraction failed - Missing or invalid data,Extraction Failure,complex
chart_042_medium_bar,Extraction failed - Missing or invalid data,Extraction Failure,medium
chart_070_medium_bar,Extraction failed - Missing or invalid data,Extraction Failure,medium
chart_179_advanced_bar,Extraction failed - Missing or invalid data,Extraction Failure,advanced
chart_053_complex_bar,Extraction failed - Missing or invalid data,Extraction Failure,complex
chart_055_complex_line,Extraction failed - Missing or invalid data,Extraction Failure,complex
chart_044_medium_bar,Extraction failed - Missing or invalid data,Extraction Failure,medium
chart_011_medium_scatter,Extraction failed - Missing or invalid data,Extraction Failure,medium
chart_005_complex_bar,Extraction failed - Missing or invalid data,Extraction Failure,complex
chart_059_advanced_bar,Extraction failed - Missing or invalid data,Extraction Failure,advanced
chart_060_advanced_bar,Extraction failed - Missing or invalid data,Extraction Failure,advanced
chart_040_medium_area,Extraction failed - Missing or invalid data,Extraction Failure,medium
chart_129_complex_bar,Extraction failed - Missing or invalid data,Extraction Failure,complex
chart_039_complex_scatter,Extraction failed - Missing or invalid data,Extraction Failure,complex
chart_181_complex_pie,Extraction failed - Missing or invalid data,Extraction Failure,complex
chart_065_advanced_pie,Extraction failed - Missing or invalid data,Extraction Failure,advanced
chart_084_medium_pie,Extraction failed - Missing or invalid data,Extraction Failure,medium
chart_110_complex_area,Extraction failed - Missing or invalid data,Extraction Failure,complex
chart_134_advanced_scatter,Extraction failed - Missing or invalid data,Extraction Failure,advanced
chart_183_complex_bar,Extraction failed - Missing or invalid data,Extraction Failure,complex
chart_056_medium_bar,Extraction failed - Missing or invalid data,Extraction Failure,medium
chart_142_complex_line,Extraction failed - Missing or invalid data,Extraction Failure,complex
chart_049_advanced_bar,Extraction failed - Missing or invalid data,Extraction Failure,advanced
chart_174_complex_line,Extraction failed - Missing or invalid data,Extraction Failure,complex
chart_171_advanced_bar,Extraction failed - Missing or invalid data,Extraction Failure,advanced
chart_197_complex_area,Extraction failed - Missing or invalid data,Extraction Failure,complex
chart_105_complex_bar,Extraction failed - Missing or invalid data,Extraction Failure,complex
chart_195_advanced_pie,Extraction failed - Missing or invalid data,Extraction Failure,advanced
chart_155_advanced_pie,Extraction failed - Missing or invalid data,Extraction Failure,advanced
chart_022_complex_bar,Extraction failed - Missing or invalid data,Extraction Failure,complex
chart_189_medium_pie,Extraction failed - Missing or invalid data,Extraction Failure,medium
chart_029_medium_pie,Extraction failed - Missing or invalid data,Extraction Failure,medium
chart_176_medium_pie,Extraction failed - Missing or invalid data,Extraction Failure,medium
chart_191_medium_line,Extraction failed - Missing or invalid data,Extraction Failure,medium
chart_057_medium_bar,Extraction failed - Missing or invalid data,Extraction Failure,medium
chart_074_complex_bar,Extraction failed - Missing or invalid data,Extraction Failure,complex
chart_193_medium_line,Extraction failed - Missing or invalid data,Extraction Failure,medium
chart_009_complex_bar,Extraction failed - Missing or invalid data,Extraction Failure,complex
chart_151_complex_line,Extraction failed - Missing or invalid data,Extraction Failure,complex
chart_024_complex_line,Extraction failed - Missing or invalid data,Extraction Failure,complex
chart_172_medium_bar,Extraction failed - Missing or invalid data,Extraction Failure,medium
chart_112_complex_bar,Extraction failed - Missing or invalid data,Extraction Failure,complex
chart_036_advanced_bar,Extraction failed - Missing or invalid data,Extraction Failure,advanced
chart_188_complex_line,Extraction failed - Missing or invalid data,Extraction Failure,complex
chart_118_medium_line,Extraction failed - Missing or invalid data,Extraction Failure,medium
chart_132_complex_bar,Extraction failed - Missing or invalid data,Extraction Failure,complex
chart_068_medium_scatter,Extraction failed - Missing or invalid data,Extraction Failure,medium
chart_115_medium_line,Extraction failed - Missing or invalid data,Extraction Failure,medium
chart_003_medium_bar,Extraction failed - Missing or invalid data,Extraction Failure,medium
chart_096_medium_bar,Extraction failed - Missing or invalid data,Extraction Failure,medium
chart_149_complex_line,Extraction failed - Missing or invalid data,Extraction Failure,complex
chart_091_advanced_pie,Extraction failed - Missing or invalid data,Extraction Failure,advanced
chart_012_advanced_line,Extraction failed - Missing or invalid data,Extraction Failure,advanced
chart_079_complex_bar,Extraction failed - Missing or invalid data,Extraction Failure,complex
chart_101_complex_pie,Extraction failed - Missing or invalid data,Extraction Failure,complex
chart_066_advanced_bar,Extraction failed - Missing or invalid data,Extraction Failure,advanced
chart_156_complex_bar,Extraction failed - Missing or invalid data,Extraction Failure,complex
chart_071_advanced_bar,Extraction failed - Missing or invalid data,Extraction Failure,advanced
chart_145_medium_bar,Extraction failed - Missing or invalid data,Extraction Failure,medium
chart_150_medium_bar,Extraction failed - Missing or invalid data,Extraction Failure,medium
chart_167_advanced_area,Extraction failed - Missing or invalid data,Extraction Failure,advanced
chart_033_medium_line,Extraction failed - Missing or invalid data,Extraction Failure,medium
chart_133_medium_line,Extraction failed - Missing or invalid data,Extraction Failure,medium
chart_020_medium_scatter,Extraction failed - Missing or invalid data,Extraction Failure,medium
chart_002_medium_line,Extraction failed - Missing or invalid data,Extraction Failure,medium
chart_158_medium_bar,Extraction failed - Missing or invalid data,Extraction Failure,medium
chart_163_complex_scatter,Extraction failed - Missing or invalid data,Extraction Failure,complex
chart_119_advanced_pie,Extraction failed - Missing or invalid data,Extraction Failure,advanced
chart_164_advanced_line,Extraction failed - Missing or invalid data,Extraction Failure,advanced
chart_048_complex_bar,Extraction failed - Missing or invalid data,Extraction Failure,complex
chart_170_complex_line,Extraction failed - Missing or invalid data,Extraction Failure,complex
chart_027_complex_area,Extraction failed - Missing or invalid data,Extraction Failure,complex
chart_094_complex_scatter,Extraction failed - Missing or invalid data,Extraction Failure,complex
chart_180_advanced_bar,Extraction failed - Missing or invalid data,Extraction Failure,advanced
chart_061_complex_bar,Extraction failed - Missing or invalid data,Extraction Failure,complex
chart_139_medium_bar,Extraction failed - Missing or invalid data,Extraction Failure,medium
chart_143_medium_pie,Extraction failed - Missing or invalid data,Extraction Failure,medium
chart_130_complex_bar,Extraction failed - Missing or invalid data,Extraction Failure,complex
chart_099_medium_line,Extraction failed - Missing or invalid data,Extraction Failure,medium
chart_175_advanced_bar,Extraction failed - Missing or invalid data,Extraction Failure,advanced
chart_052_advanced_area,Extraction failed - Missing or invalid data,Extraction Failure,advanced
chart_166_medium_bar,Extraction failed - Missing or invalid data,Extraction Failure,medium
chart_038_medium_line,Extraction failed - Missing or invalid data,Extraction Failure,medium
chart_107_medium_scatter,Extraction failed - Missing or invalid data,Extraction Failure,medium
chart_013_advanced_bar,Extraction failed - Missing or invalid data,Extraction Failure,advanced
chart_111_medium_line,Extraction failed - Missing or invalid data,Extraction Failure,medium
chart_019_advanced_scatter,Extraction failed - Missing or invalid data,Extraction Failure,advanced
chart_015_complex_line,Extraction failed - Missing or invalid data,Extraction Failure,complex
chart_185_complex_area,Extraction failed - Missing or invalid data,Extraction Failure,complex
chart_032_advanced_scatter,Extraction failed - Missing or invalid data,Extraction Failure,advanced
chart_192_complex_line,Extraction failed - Missing or invalid data,Extraction Failure,complex
chart_162_complex_bar,Extraction failed - Missing or invalid data,Extraction Failure,complex
chart_028_advanced_area,Extraction failed - Missing or invalid data,Extraction Failure,advanced
chart_136_medium_bar,Extraction failed - Missing or invalid data,Extraction Failure,medium
chart_063_medium_line,Extraction failed - Missing or invalid data,Extraction Failure,medium
chart_146_complex_line,Extraction failed - Missing or invalid data,Extraction Failure,complex
chart_051_advanced_area,Extraction failed - Missing or invalid data,Extraction Failure,advanced
chart_173_advanced_line,Extraction failed - Missing or invalid data,Extraction Failure,advanced
chart_196_advanced_scatter,Extraction failed - Missing or invalid data,Extraction Failure,advanced
chart_058_complex_bar,Extraction failed - Missing or invalid data,Extraction Failure,complex
chart_160_complex_bar,Extraction failed - Missing or invalid data,Extraction Failure,complex
chart_077_complex_area,Extraction failed - Missing or invalid data,Extraction Failure,complex
chart_106_medium_bar,Extraction failed - Missing or invalid data,Extraction Failure,medium
chart_165_advanced_pie,Extraction failed - Missing or invalid data,Extraction Failure,advanced
chart_178_advanced_scatter,Extraction failed - Missing or invalid data,Extraction Failure,advanced
chart_123_medium_line,Extraction failed - Missing or invalid data,Extraction Failure,medium
chart_137_medium_bar,Extraction failed - Missing or invalid data,Extraction Failure,medium
chart_001_complex_bar,Extraction failed - Missing or invalid data,Extraction Failure,complex
chart_159_complex_line,Extraction failed - Missing or invalid data,Extraction Failure,complex
chart_104_advanced_line,Extraction failed - Missing or invalid data,Extraction Failure,advanced
chart_067_advanced_scatter,Extraction failed - Missing or invalid data,Extraction Failure,advanced
chart_072_advanced_line,Extraction failed - Missing or invalid data,Extraction Failure,advanced
chart_128_complex_bar,Extraction failed - Missing or invalid data,Extraction Failure,complex
chart_089_medium_scatter,Extraction failed - Missing or invalid data,Extraction Failure,medium
chart_014_complex_bar,Extraction failed - Missing or invalid data,Extraction Failure,complex
chart_073_medium_area,Extraction failed - Missing or invalid data,Extraction Failure,medium
chart_035_medium_line,Extraction failed - Missing or invalid data,Extraction Failure,medium
chart_144_complex_bar,Extraction failed - Missing or invalid data,Extraction Failure,complex
chart_124_medium_scatter,Extraction failed - Missing or invalid data,Extraction Failure,medium
chart_047_complex_bar,Extraction failed - Missing or invalid data,Extraction Failure,complex
chart_141_medium_scatter,Extraction failed - Missing or invalid data,Extraction Failure,medium
chart_108_medium_bar,Extraction failed - Missing or invalid data,Extraction Failure,medium
chart_001_medium_bar,Extraction failed - Missing or invalid data,Extraction Failure,medium
chart_194_medium_line,Extraction failed - Missing or invalid data,Extraction Failure,medium
chart_127_complex_line,Extraction failed - Missing or invalid data,Extraction Failure,complex
chart_190_advanced_line,Extraction failed - Missing or invalid data,Extraction Failure,advanced
chart_069_advanced_line,Extraction failed - Missing or invalid data,Extraction Failure,advanced
chart_021_medium_bar,Extraction failed - Missing or invalid data,Extraction Failure,medium
chart_080_medium_pie,Extraction failed - Missing or invalid data,Extraction Failure,medium
chart_135_medium_bar,Extraction failed - Missing or invalid data,Extraction Failure,medium
chart_078_complex_bar,Extraction failed - Missing or invalid data,Extraction Failure,complex
chart_116_advanced_pie,Extraction failed - Missing or invalid data,Extraction Failure,advanced
chart_037_complex_scatter,Extraction failed - Missing or invalid data,Extraction Failure,complex
chart_184_complex_bar,Extraction failed - Missing or invalid data,Extraction Failure,complex
chart_087_complex_scatter,Extraction failed - Missing or invalid data,Extraction Failure,complex
chart_122_advanced_scatter,Extraction failed - Missing or invalid data,Extraction Failure,advanced
chart_054_medium_bar,Extraction failed - Missing or invalid data,Extraction Failure,medium
chart_083_complex_bar,Extraction failed - Missing or invalid data,Extraction Failure,complex
chart_002_medium_bar,Extraction failed - Missing or invalid data,Extraction Failure,medium
chart_109_advanced_bar,Extraction failed - Missing or invalid data,Extraction Failure,advanced
chart_041_medium_line,Extraction failed - Missing or invalid data,Extraction Failure,medium
chart_007_complex_line,Extraction failed - Missing or invalid data,Extraction Failure,complex
chart_186_medium_line,Extraction failed - Missing or invalid data,Extraction Failure,medium
chart_030_medium_bar,Extraction failed - Missing or invalid data,Extraction Failure,medium
chart_140_medium_scatter,Extraction failed - Missing or invalid data,Extraction Failure,medium
chart_081_complex_scatter,Extraction failed - Missing or invalid data,Extraction Failure,complex
chart_082_complex_line,Extraction failed - Missing or invalid data,Extraction Failure,complex
chart_031_complex_bar,Extraction failed - Missing or invalid data,Extraction Failure,complex
chart_017_complex_scatter,Extraction failed - Missing or invalid data,Extraction Failure,complex
chart_126_complex_line,Extraction failed - Missing or invalid data,Extraction Failure,complex
chart_085_advanced_scatter,Extraction failed - Missing or invalid data,Extraction Failure,advanced
chart_018_complex_line,Extraction failed - Missing or invalid data,Extraction Failure,complex
chart_147_complex_pie,Extraction failed - Missing or invalid data,Extraction Failure,complex
chart_062_advanced_line,Extraction failed - Missing or invalid data,Extraction Failure,advanced
chart_098_complex_bar,Extraction failed - Missing or invalid data,Extraction Failure,complex
chart_114_advanced_line,Extraction failed - Missing or invalid data,Extraction Failure,advanced
chart_131_complex_bar,Extraction failed - Missing or invalid data,Extraction Failure,complex
chart_125_medium_bar,Extraction failed - Missing or invalid data,Extraction Failure,medium
chart_187_complex_scatter,Extraction failed - Missing or invalid data,Extraction Failure,complex
chart_121_complex_scatter,Extraction failed - Missing or invalid data,Extraction Failure,complex
chart_043_medium_pie,Extraction failed - Missing or invalid data,Extraction Failure,medium
chart_100_complex_area,Extraction failed - Missing or invalid data,Extraction Failure,complex
chart_168_advanced_line,Extraction failed - Missing or invalid data,Extraction Failure,advanced
chart_199_advanced_pie,Extraction failed - Missing or invalid data,Extraction Failure,advanced
chart_092_advanced_scatter,Extraction failed - Missing or invalid data,Extraction Failure,advanced
chart_046_medium_line,Extraction failed - Missing or invalid data,Extraction Failure,medium
chart_198_medium_bar,Extraction failed - Missing or invalid data,Extraction Failure,medium
chart_088_complex_bar,Extraction failed - Missing or invalid data,Extraction Failure,complex
chart_138_complex_bar,Extraction failed - Missing or invalid data,Extraction Failure,complex
chart_117_medium_line,Extraction failed - Missing or invalid data,Extraction Failure,medium
chart_023_medium_scatter,Extraction failed - Missing or invalid data,Extraction Failure,medium
chart_008_complex_pie,Extraction failed - Missing or invalid data,Extraction Failure,complex
chart_064_complex_pie,Extraction failed - Missing or invalid data,Extraction Failure,complex
chart_034_medium_line,Extraction failed - Missing or invalid data,Extraction Failure,medium
chart_090_complex_area,Extraction failed - Missing or invalid data,Extraction Failure,complex
chart_045_complex_bar,Extraction failed - Missing or invalid data,Extraction Failure,complex
chart_010_advanced_pie,Extraction failed - Missing or invalid data,Extraction Failure,advanced
chart_169_medium_scatter,Extraction failed - Missing or invalid data,Extraction Failure,medium
chart_093_complex_area,Extraction failed - Missing or invalid data,Extraction Failure,complex
chart_076_medium_area,Extraction failed - Missing or invalid data,Extraction Failure,medium
chart_157_medium_line,Extraction failed - Missing or invalid data,Extraction Failure,medium
chart_075_medium_line,Extraction failed - Missing or invalid data,Extraction Failure,medium
chart_016_medium_area,Extraction failed - Missing or invalid data,Extraction Failure,medium
chart_154_medium_area,Extraction failed - Missing or invalid data,Extraction Failure,medium
chart_182_advanced_pie,Extraction failed - Missing or invalid data,Extraction Failure,advanced
chart_200_complex_pie,Extraction failed - Missing or invalid data,Extraction Failure,complex
chart_152_complex_line,Extraction failed - Missing or invalid data,Extraction Failure,complex
chart_001_rotation_0,Perturbation generation failed - Image processing error,Generation Failure,rotation
chart_002_blur_0,Perturbation generation failed - Image processing error,Generation Failure,blur
chart_003_noise_0,Perturbation generation failed - Image processing error,Generation Failure,noise
chart_005_contrast_0,Perturbation generation failed - Image processing error,Generation Failure,contrast
chart_006_brightness_0,Perturbation generation failed - Image processing error,Generation Failure,brightness
chart_007_rotation_0,Perturbation generation failed - Image processing error,Generation Failure,rotation
chart_008_blur_0,Perturbation generation failed - Image processing error,Generation Failure,blur
chart_009_noise_0,Perturbation generation failed - Image processing error,Generation Failure,noise
chart_010_contrast_0,Perturbation generation failed - Image processing error,Generation Failure,contrast
chart_011_brightness_0,Perturbation generation failed - Image processing error,Generation Failure,brightness
chart_012_rotation_0,Perturbation generation failed - Image processing error,Generation Failure,rotation
chart_013_blur_0,Perturbation generation failed - Image processing error,Generation Failure,blur
chart_014_noise_0,Perturbation generation failed - Image processing error,Generation Failure,noise
chart_015_contrast_0,Perturbation generation failed - Image processing error,Generation Failure,contrast
chart_016_brightness_0,Perturbation generation failed - Image processing error,Generation Failure,brightness
chart_017_rotation_0,Perturbation generation failed - Image processing error,Generation Failure,rotation
chart_018_blur_0,Perturbation generation failed - Image processing error,Generation Failure,blur
chart_019_noise_0,Perturbation generation failed - Image processing error,Generation Failure,noise
chart_020_contrast_0,Perturbation generation failed - Image processing error,Generation Failure,contrast
chart_021_brightness_0,Perturbation generation failed - Image processing error,Generation Failure,brightness
chart_022_rotation_0,Perturbation generation failed - Image processing error,Generation Failure,rotation
chart_023_blur_0,Perturbation generation failed - Image processing error,Generation Failure,blur
chart_024_noise_0,Perturbation generation failed - Image processing error,Generation Failure,noise
chart_025_contrast_0,Perturbation generation failed - Image processing error,Generation Failure,contrast
chart_027_brightness_0,Perturbation generation failed - Image processing error,Generation Failure,brightness
chart_028_rotation_0,Perturbation generation failed - Image processing error,Generation Failure,rotation
chart_029_blur_0,Perturbation generation failed - Image processing error,Generation Failure,blur
chart_030_noise_0,Perturbation generation failed - Image processing error,Generation Failure,noise
chart_031_contrast_0,Perturbation generation failed - Image processing error,Generation Failure,contrast
chart_032_brightness_0,Perturbation generation failed - Image processing error,Generation Failure,brightness
chart_033_rotation_0,Perturbation generation failed - Image processing error,Generation Failure,rotation
chart_034_blur_0,Perturbation generation failed - Image processing error,Generation Failure,blur
chart_035_noise_0,Perturbation generation failed - Image processing error,Generation Failure,noise
chart_036_contrast_0,Perturbation generation failed - Image processing error,Generation Failure,contrast
chart_037_brightness_0,Perturbation generation failed - Image processing error,Generation Failure,brightness
chart_038_rotation_0,Perturbation generation failed - Image processing error,Generation Failure,rotation
chart_039_blur_0,Perturbation generation failed - Image processing error,Generation Failure,blur
chart_040_noise_0,Perturbation generation failed - Image processing error,Generation Failure,noise
chart_041_contrast_0,Perturbation generation failed - Image processing error,Generation Failure,contrast
chart_042_brightness_0,Perturbation generation failed - Image processing error,Generation Failure,brightness
chart_043_rotation_0,Perturbation generation failed - Image processing error,Generation Failure,rotation
chart_044_blur_0,Perturbation generation failed - Image processing error,Generation Failure,blur
chart_045_noise_0,Perturbation generation failed - Image processing error,Generation Failure,noise
chart_046_contrast_0,Perturbation generation failed - Image processing error,Generation Failure,contrast
chart_047_brightness_0,Perturbation generation failed - Image processing error,Generation Failure,brightness
chart_048_rotation_0,Perturbation generation failed - Image processing error,Generation Failure,rotation
chart_049_blur_0,Perturbation generation failed - Image processing error,Generation Failure,blur
chart_050_noise_0,Perturbation generation failed - Image processing error,Generation Failure,noise
chart_051_contrast_0,Perturbation generation failed - Image processing error,Generation Failure,contrast
chart_052_brightness_0,Perturbation generation failed - Image processing error,Generation Failure,brightness
chart_053_rotation_0,Perturbation generation failed - Image processing error,Generation Failure,rotation
chart_054_blur_0,Perturbation generation failed - Image processing error,Generation Failure,blur
chart_055_noise_0,Perturbation generation failed - Image processing error,Generation Failure,noise
chart_056_contrast_0,Perturbation generation failed - Image processing error,Generation Failure,contrast
chart_057_brightness_0,Perturbation generation failed - Image processing error,Generation Failure,brightness
chart_058_rotation_0,Perturbation generation failed - Image processing error,Generation Failure,rotation
chart_059_blur_0,Perturbation generation failed - Image processing error,Generation Failure,blur
chart_060_noise_0,Perturbation generation failed - Image processing error,Generation Failure,noise
chart_061_contrast_0,Perturbation generation failed - Image processing error,Generation Failure,contrast
chart_062_brightness_0,Perturbation generation failed - Image processing error,Generation Failure,brightness
chart_063_rotation_0,Perturbation generation failed - Image processing error,Generation Failure,rotation
chart_064_blur_0,Perturbation generation failed - Image processing error,Generation Failure,blur
chart_065_noise_0,Perturbation generation failed - Image processing error,Generation Failure,noise
chart_066_contrast_0,Perturbation generation failed - Image processing error,Generation Failure,contrast
chart_067_brightness_0,Perturbation generation failed - Image processing error,Generation Failure,brightness
chart_068_rotation_0,Perturbation generation failed - Image processing error,Generation Failure,rotation
chart_069_blur_0,Perturbation generation failed - Image processing error,Generation Failure,blur
chart_070_noise_0,Perturbation generation failed - Image processing error,Generation Failure,noise
chart_071_contrast_0,Perturbation generation failed - Image processing error,Generation Failure,contrast
chart_072_brightness_0,Perturbation generation failed - Image processing error,Generation Failure,brightness
chart_073_rotation_0,Perturbation generation failed - Image processing error,Generation Failure,rotation
chart_074_blur_0,Perturbation generation failed - Image processing error,Generation Failure,blur
chart_075_noise_0,Perturbation generation failed - Image processing error,Generation Failure,noise
chart_076_contrast_0,Perturbation generation failed - Image processing error,Generation Failure,contrast
chart_077_brightness_0,Perturbation generation failed - Image processing error,Generation Failure,brightness
chart_078_rotation_0,Perturbation generation failed - Image processing error,Generation Failure,rotation
chart_079_blur_0,Perturbation generation failed - Image processing error,Generation Failure,blur
chart_080_noise_0,Perturbation generation failed - Image processing error,Generation Failure,noise
chart_081_contrast_0,Perturbation generation failed - Image processing error,Generation Failure,contrast
chart_082_brightness_0,Perturbation generation failed - Image processing error,Generation Failure,brightness
chart_083_rotation_0,Perturbation generation failed - Image processing error,Generation Failure,rotation
chart_084_blur_0,Perturbation generation failed - Image processing error,Generation Failure,blur
chart_085_noise_0,Perturbation generation failed - Image processing error,Generation Failure,noise
chart_086_contrast_0,Perturbation generation failed - Image processing error,Generation Failure,contrast
chart_087_brightness_0,Perturbation generation failed - Image processing error,Generation Failure,brightness
chart_088_rotation_0,Perturbation generation failed - Image processing error,Generation Failure,rotation
chart_089_blur_0,Perturbation generation failed - Image processing error,Generation Failure,blur
chart_090_noise_0,Perturbation generation failed - Image processing error,Generation Failure,noise
chart_091_contrast_0,Perturbation generation failed - Image processing error,Generation Failure,contrast
chart_092_brightness_0,Perturbation generation failed - Image processing error,Generation Failure,brightness
chart_093_rotation_0,Perturbation generation failed - Image processing error,Generation Failure,rotation
chart_094_blur_0,Perturbation generation failed - Image processing error,Generation Failure,blur
chart_095_noise_0,Perturbation generation failed - Image processing error,Generation Failure,noise
chart_096_contrast_0,Perturbation generation failed - Image processing error,Generation Failure,contrast
chart_097_brightness_0,Perturbation generation failed - Image processing error,Generation Failure,brightness
chart_098_rotation_0,Perturbation generation failed - Image processing error,Generation Failure,rotation
chart_099_blur_0,Perturbation generation failed - Image processing error,Generation Failure,blur
chart_100_noise_0,Perturbation generation failed - Image processing error,Generation Failure,noise
chart_101_contrast_0,Perturbation generation failed - Image processing error,Generation Failure,contrast
chart_102_brightness_0,Perturbation generation failed - Image processing error,Generation Failure,brightness
chart_103_rotation_0,Perturbation generation failed - Image processing error,Generation Failure,rotation
chart_104_blur_0,Perturbation generation failed - Image processing error,Generation Failure,blur
chart_105_noise_0,Perturbation generation failed - Image processing error,Generation Failure,noise
chart_106_contrast_0,Perturbation generation failed - Image processing error,Generation Failure,contrast
chart_107_brightness_0,Perturbation generation failed - Image processing error,Generation Failure,brightness
chart_108_rotation_0,Perturbation generation failed - Image processing error,Generation Failure,rotation
chart_109_blur_0,Perturbation generation failed - Image processing error,Generation Failure,blur
chart_110_noise_0,Perturbation generation failed - Image processing error,Generation Failure,noise
chart_111_contrast_0,Perturbation generation failed - Image processing error,Generation Failure,contrast
chart_112_brightness_0,Perturbation generation failed - Image processing error,Generation Failure,brightness
chart_113_rotation_0,Perturbation generation failed - Image processing error,Generation Failure,rotation
chart_114_blur_0,Perturbation generation failed - Image processing error,Generation Failure,blur
chart_115_noise_0,Perturbation generation failed - Image processing error,Generation Failure,noise
chart_116_contrast_0,Perturbation generation failed - Image processing error,Generation Failure,contrast
chart_117_brightness_0,Perturbation generation failed - Image processing error,Generation Failure,brightness
chart_118_rotation_0,Perturbation generation failed - Image processing error,Generation Failure,rotation
chart_119_blur_0,Perturbation generation failed - Image processing error,Generation Failure,blur
chart_120_noise_0,Perturbation generation failed - Image processing error,Generation Failure,noise
chart_121_contrast_0,Perturbation generation failed - Image processing error,Generation Failure,contrast
chart_122_brightness_0,Perturbation generation failed - Image processing error,Generation Failure,brightness
chart_123_rotation_0,Perturbation generation failed - Image processing error,Generation Failure,rotation
chart_124_blur_0,Perturbation generation failed - Image processing error,Generation Failure,blur
chart_125_noise_0,Perturbation generation failed - Image processing error,Generation Failure,noise
chart_126_contrast_0,Perturbation generation failed - Image processing error,Generation Failure,contrast
chart_127_brightness_0,Perturbation generation failed - Image processing error,Generation Failure,brightness
chart_128_rotation_0,Perturbation generation failed - Image processing error,Generation Failure,rotation
chart_129_blur_0,Perturbation generation failed - Image processing error,Generation Failure,blur
chart_130_noise_0,Perturbation generation failed - Image processing error,Generation Failure,noise
chart_131_contrast_0,Perturbation generation failed - Image processing error,Generation Failure,contrast
chart_132_brightness_0,Perturbation generation failed - Image processing error,Generation Failure,brightness
chart_133_rotation_0,Perturbation generation failed - Image processing error,Generation Failure,rotation
chart_134_blur_0,Perturbation generation failed - Image processing error,Generation Failure,blur
chart_135_noise_0,Perturbation generation failed - Image processing error,Generation Failure,noise
chart_136_contrast_0,Perturbation generation failed - Image processing error,Generation Failure,contrast
chart_137_brightness_0,Perturbation generation failed - Image processing error,Generation Failure,brightness
chart_138_rotation_0,Perturbation generation failed - Image processing error,Generation Failure,rotation
chart_139_blur_0,Perturbation generation failed - Image processing error,Generation Failure,blur
chart_140_noise_0,Perturbation generation failed - Image processing error,Generation Failure,noise
chart_141_contrast_0,Perturbation generation failed - Image processing error,Generation Failure,contrast
chart_142_brightness_0,Perturbation generation failed - Image processing error,Generation Failure,brightness
chart_143_rotation_0,Perturbation generation failed - Image processing error,Generation Failure,rotation
chart_144_blur_0,Perturbation generation failed - Image processing error,Generation Failure,blur
chart_145_noise_0,Perturbation generation failed - Image processing error,Generation Failure,noise
chart_146_contrast_0,Perturbation generation failed - Image processing error,Generation Failure,contrast
chart_147_brightness_0,Perturbation generation failed - Image processing error,Generation Failure,brightness
chart_148_rotation_0,Perturbation generation failed - Image processing error,Generation Failure,rotation
chart_149_blur_0,Perturbation generation failed - Image processing error,Generation Failure,blur
chart_150_noise_0,Perturbation generation failed - Image processing error,Generation Failure,noise
chart_151_contrast_0,Perturbation generation failed - Image processing error,Generation Failure,contrast
chart_152_brightness_0,Perturbation generation failed - Image processing error,Generation Failure,brightness
chart_153_rotation_0,Perturbation generation failed - Image processing error,Generation Failure,rotation
chart_154_blur_0,Perturbation generation failed - Image processing error,Generation Failure,blur
chart_155_noise_0,Perturbation generation failed - Image processing error,Generation Failure,noise
chart_156_contrast_0,Perturbation generation failed - Image processing error,Generation Failure,contrast
chart_157_brightness_0,Perturbation generation failed - Image processing error,Generation Failure,brightness
chart_158_rotation_0,Perturbation generation failed - Image processing error,Generation Failure,rotation
chart_159_blur_0,Perturbation generation failed - Image processing error,Generation Failure,blur
chart_160_noise_0,Perturbation generation failed - Image processing error,Generation Failure,noise
chart_162_contrast_0,Perturbation generation failed - Image processing error,Generation Failure,contrast
chart_163_brightness_0,Perturbation generation failed - Image processing error,Generation Failure,brightness
chart_164_rotation_0,Perturbation generation failed - Image processing error,Generation Failure,rotation
chart_165_blur_0,Perturbation generation failed - Image processing error,Generation Failure,blur
chart_166_noise_0,Perturbation generation failed - Image processing error,Generation Failure,noise
chart_167_contrast_0,Perturbation generation failed - Image processing error,Generation Failure,contrast
chart_168_brightness_0,Perturbation generation failed - Image processing error,Generation Failure,brightness
chart_169_rotation_0,Perturbation generation failed - Image processing error,Generation Failure,rotation
chart_170_blur_0,Perturbation generation failed - Image processing error,Generation Failure,blur
chart_171_noise_0,Perturbation generation failed - Image processing error,Generation Failure,noise
chart_172_contrast_0,Perturbation generation failed - Image processing error,Generation Failure,contrast
chart_173_brightness_0,Perturbation generation failed - Image processing error,Generation Failure,brightness
chart_174_rotation_0,Perturbation generation failed - Image processing error,Generation Failure,rotation
chart_175_blur_0,Perturbation generation failed - Image processing error,Generation Failure,blur
chart_176_noise_0,Perturbation generation failed - Image processing error,Generation Failure,noise
chart_177_contrast_0,Perturbation generation failed - Image processing error,Generation Failure,contrast
chart_178_brightness_0,Perturbation generation failed - Image processing error,Generation Failure,brightness
chart_179_rotation_0,Perturbation generation failed - Image processing error,Generation Failure,rotation
chart_180_blur_0,Perturbation generation failed - Image processing error,Generation Failure,blur
chart_181_noise_0,Perturbation generation failed - Image processing error,Generation Failure,noise
chart_182_contrast_0,Perturbation generation failed - Image processing error,Generation Failure,contrast
chart_183_brightness_0,Perturbation generation failed - Image processing error,Generation Failure,brightness
chart_184_rotation_0,Perturbation generation failed - Image processing error,Generation Failure,rotation
chart_185_blur_0,Perturbation generation failed - Image processing error,Generation Failure,blur
chart_186_noise_0,Perturbation generation failed - Image processing error,Generation Failure,noise
chart_187_contrast_0,Perturbation generation failed - Image processing error,Generation Failure,contrast
chart_188_brightness_0,Perturbation generation failed - Image processing error,Generation Failure,brightness
chart_189_rotation_0,Perturbation generation failed - Image processing error,Generation Failure,rotation
chart_190_blur_0,Perturbation generation failed - Image processing error,Generation Failure,blur
chart_191_noise_0,Perturbation generation failed - Image processing error,Generation Failure,noise
chart_192_contrast_0,Perturbation generation failed - Image processing error,Generation Failure,contrast
chart_193_brightness_0,Perturbation generation failed - Image processing error,Generation Failure,brightness
chart_194_rotation_0,Perturbation generation failed - Image processing error,Generation Failure,rotation
chart_195_blur_0,Perturbation generation failed - Image processing error,Generation Failure,blur
chart_196_noise_0,Perturbation generation failed - Image processing error,Generation Failure,noise
chart_197_contrast_0,Perturbation generation failed - Image processing error,Generation Failure,contrast
chart_198_brightness_0,Perturbation generation failed - Image processing error,Generation Failure,brightness
chart_199_rotation_0,Perturbation generation failed - Image processing error,Generation Failure,rotation
chart_200_blur_0,Perturbation generation failed - Image processing error,Generation Failure,blur
chart_001_noise_1,Perturbation generation failed - Image processing error,Generation Failure,noise
chart_002_contrast_1,Perturbation generation failed - Image processing error,Generation Failure,contrast
chart_003_brightness_1,Perturbation generation failed - Image processing error,Generation Failure,brightness
chart_005_rotation_1,Perturbation generation failed - Image processing error,Generation Failure,rotation
chart_006_blur_1,Perturbation generation failed - Image processing error,Generation Failure,blur
chart_007_noise_1,Perturbation generation failed - Image processing error,Generation Failure,noise
chart_008_contrast_1,Perturbation generation failed - Image processing error,Generation Failure,contrast
chart_009_brightness_1,Perturbation generation failed - Image processing error,Generation Failure,brightness
chart_010_rotation_1,Perturbation generation failed - Image processing error,Generation Failure,rotation
chart_011_blur_1,Perturbation generation failed - Image processing error,Generation Failure,blur
chart_012_noise_1,Perturbation generation failed - Image processing error,Generation Failure,noise
chart_013_contrast_1,Perturbation generation failed - Image processing error,Generation Failure,contrast
chart_014_brightness_1,Perturbation generation failed - Image processing error,Generation Failure,brightness
chart_015_rotation_1,Perturbation generation failed - Image processing error,Generation Failure,rotation
chart_016_blur_1,Perturbation generation failed - Image processing error,Generation Failure,blur
chart_017_noise_1,Perturbation generation failed - Image processing error,Generation Failure,noise
chart_018_contrast_1,Perturbation generation failed - Image processing error,Generation Failure,contrast
chart_019_brightness_1,Perturbation generation failed - Image processing error,Generation Failure,brightness
chart_020_rotation_1,Perturbation generation failed - Image processing error,Generation Failure,rotation
chart_021_blur_1,Perturbation generation failed - Image processing error,Generation Failure,blur
chart_022_noise_1,Perturbation generation failed - Image processing error,Generation Failure,noise
chart_023_contrast_1,Perturbation generation failed - Image processing error,Generation Failure,contrast
chart_024_brightness_1,Perturbation generation failed - Image processing error,Generation Failure,brightness
chart_025_rotation_1,Perturbation generation failed - Image processing error,Generation Failure,rotation
chart_027_blur_1,Perturbation generation failed - Image processing error,Generation Failure,blur
chart_028_noise_1,Perturbation generation failed - Image processing error,Generation Failure,noise
chart_029_contrast_1,Perturbation generation failed - Image processing error,Generation Failure,contrast
chart_030_brightness_1,Perturbation generation failed - Image processing error,Generation Failure,brightness
chart_031_rotation_1,Perturbation generation failed - Image processing error,Generation Failure,rotation
chart_032_blur_1,Perturbation generation failed - Image processing error,Generation Failure,blur
chart_033_noise_1,Perturbation generation failed - Image processing error,Generation Failure,noise
chart_034_contrast_1,Perturbation generation failed - Image processing error,Generation Failure,contrast
chart_035_brightness_1,Perturbation generation failed - Image processing error,Generation Failure,brightness
chart_036_rotation_1,Perturbation generation failed - Image processing error,Generation Failure,rotation
chart_037_blur_1,Perturbation generation failed - Image processing error,Generation Failure,blur
chart_038_noise_1,Perturbation generation failed - Image processing error,Generation Failure,noise
chart_039_contrast_1,Perturbation generation failed - Image processing error,Generation Failure,contrast
chart_040_brightness_1,Perturbation generation failed - Image processing error,Generation Failure,brightness
chart_041_rotation_1,Perturbation generation failed - Image processing error,Generation Failure,rotation
chart_042_blur_1,Perturbation generation failed - Image processing error,Generation Failure,blur
chart_043_noise_1,Perturbation generation failed - Image processing error,Generation Failure,noise
chart_044_contrast_1,Perturbation generation failed - Image processing error,Generation Failure,contrast
chart_045_brightness_1,Perturbation generation failed - Image processing error,Generation Failure,brightness
chart_046_rotation_1,Perturbation generation failed - Image processing error,Generation Failure,rotation
chart_047_blur_1,Perturbation generation failed - Image processing error,Generation Failure,blur
chart_048_noise_1,Perturbation generation failed - Image processing error,Generation Failure,noise
chart_049_contrast_1,Perturbation generation failed - Image processing error,Generation Failure,contrast
chart_050_brightness_1,Perturbation generation failed - Image processing error,Generation Failure,brightness
chart_051_rotation_1,Perturbation generation failed - Image processing error,Generation Failure,rotation
chart_052_blur_1,Perturbation generation failed - Image processing error,Generation Failure,blur
chart_053_noise_1,Perturbation generation failed - Image processing error,Generation Failure,noise
chart_054_contrast_1,Perturbation generation failed - Image processing error,Generation Failure,contrast
chart_055_brightness_1,Perturbation generation failed - Image processing error,Generation Failure,brightness
chart_056_rotation_1,Perturbation generation failed - Image processing error,Generation Failure,rotation
chart_057_blur_1,Perturbation generation failed - Image processing error,Generation Failure,blur
chart_058_noise_1,Perturbation generation failed - Image processing error,Generation Failure,noise
chart_059_contrast_1,Perturbation generation failed - Image processing error,Generation Failure,contrast
chart_060_brightness_1,Perturbation generation failed - Image processing error,Generation Failure,brightness
chart_061_rotation_1,Perturbation generation failed - Image processing error,Generation Failure,rotation
chart_062_blur_1,Perturbation generation failed - Image processing error,Generation Failure,blur
chart_063_noise_1,Perturbation generation failed - Image processing error,Generation Failure,noise
chart_064_contrast_1,Perturbation generation failed - Image processing error,Generation Failure,contrast
chart_065_brightness_1,Perturbation generation failed - Image processing error,Generation Failure,brightness
chart_066_rotation_1,Perturbation generation failed - Image processing error,Generation Failure,rotation
chart_067_blur_1,Perturbation generation failed - Image processing error,Generation Failure,blur
chart_068_noise_1,Perturbation generation failed - Image processing error,Generation Failure,noise
chart_069_contrast_1,Perturbation generation failed - Image processing error,Generation Failure,contrast
chart_070_brightness_1,Perturbation generation failed - Image processing error,Generation Failure,brightness
chart_071_rotation_1,Perturbation generation failed - Image processing error,Generation Failure,rotation
chart_072_blur_1,Perturbation generation failed - Image processing error,Generation Failure,blur
chart_073_noise_1,Perturbation generation failed - Image processing error,Generation Failure,noise
chart_074_contrast_1,Perturbation generation failed - Image processing error,Generation Failure,contrast
chart_075_brightness_1,Perturbation generation failed - Image processing error,Generation Failure,brightness
chart_076_rotation_1,Perturbation generation failed - Image processing error,Generation Failure,rotation
chart_077_blur_1,Perturbation generation failed - Image processing error,Generation Failure,blur
chart_078_noise_1,Perturbation generation failed - Image processing error,Generation Failure,noise
chart_079_contrast_1,Perturbation generation failed - Image processing error,Generation Failure,contrast
chart_080_brightness_1,Perturbation generation failed - Image processing error,Generation Failure,brightness
chart_081_rotation_1,Perturbation generation failed - Image processing error,Generation Failure,rotation
chart_082_blur_1,Perturbation generation failed - Image processing error,Generation Failure,blur
chart_083_noise_1,Perturbation generation failed - Image processing error,Generation Failure,noise
chart_084_contrast_1,Perturbation generation failed - Image processing error,Generation Failure,contrast
chart_085_brightness_1,Perturbation generation failed - Image processing error,Generation Failure,brightness
chart_086_rotation_1,Perturbation generation failed - Image processing error,Generation Failure,rotation
chart_087_blur_1,Perturbation generation failed - Image processing error,Generation Failure,blur
chart_088_noise_1,Perturbation generation failed - Image processing error,Generation Failure,noise
chart_089_contrast_1,Perturbation generation failed - Image processing error,Generation Failure,contrast
chart_090_brightness_1,Perturbation generation failed - Image processing error,Generation Failure,brightness
chart_091_rotation_1,Perturbation generation failed - Image processing error,Generation Failure,rotation
chart_092_blur_1,Perturbation generation failed - Image processing error,Generation Failure,blur
chart_093_noise_1,Perturbation generation failed - Image processing error,Generation Failure,noise
chart_094_contrast_1,Perturbation generation failed - Image processing error,Generation Failure,contrast
chart_095_brightness_1,Perturbation generation failed - Image processing error,Generation Failure,brightness
chart_096_rotation_1,Perturbation generation failed - Image processing error,Generation Failure,rotation
chart_097_blur_1,Perturbation generation failed - Image processing error,Generation Failure,blur
chart_098_noise_1,Perturbation generation failed - Image processing error,Generation Failure,noise
chart_099_contrast_1,Perturbation generation failed - Image processing error,Generation Failure,contrast
chart_100_brightness_1,Perturbation generation failed - Image processing error,Generation Failure,brightness
chart_101_rotation_1,Perturbation generation failed - Image processing error,Generation Failure,rotation
chart_102_blur_1,Perturbation generation failed - Image processing error,Generation Failure,blur
chart_103_noise_1,Perturbation generation failed - Image processing error,Generation Failure,noise
chart_104_contrast_1,Perturbation generation failed - Image processing error,Generation Failure,contrast
chart_105_brightness_1,Perturbation generation failed - Image processing error,Generation Failure,brightness
chart_106_rotation_1,Perturbation generation failed - Image processing error,Generation Failure,rotation
chart_107_blur_1,Perturbation generation failed - Image processing error,Generation Failure,blur
chart_108_noise_1,Perturbation generation failed - Image processing error,Generation Failure,noise
chart_109_contrast_1,Perturbation generation failed - Image processing error,Generation Failure,contrast
chart_110_brightness_1,Perturbation generation failed - Image processing error,Generation Failure,brightness
chart_111_rotation_1,Perturbation generation failed - Image processing error,Generation Failure,rotation
chart_112_blur_1,Perturbation generation failed - Image processing error,Generation Failure,blur
chart_113_noise_1,Perturbation generation failed - Image processing error,Generation Failure,noise
chart_114_contrast_1,Perturbation generation failed - Image processing error,Generation Failure,contrast
chart_115_brightness_1,Perturbation generation failed - Image processing error,Generation Failure,brightness
chart_116_rotation_1,Perturbation generation failed - Image processing error,Generation Failure,rotation
chart_117_blur_1,Perturbation generation failed - Image processing error,Generation Failure,blur
chart_118_noise_1,Perturbation generation failed - Image processing error,Generation Failure,noise
chart_119_contrast_1,Perturbation generation failed - Image processing error,Generation Failure,contrast
chart_120_brightness_1,Perturbation generation failed - Image processing error,Generation Failure,brightness
chart_121_rotation_1,Perturbation generation failed - Image processing error,Generation Failure,rotation
chart_122_blur_1,Perturbation generation failed - Image processing error,Generation Failure,blur
chart_123_noise_1,Perturbation generation failed - Image processing error,Generation Failure,noise
chart_124_contrast_1,Perturbation generation failed - Image processing error,Generation Failure,contrast
chart_125_brightness_1,Perturbation generation failed - Image processing error,Generation Failure,brightness
chart_126_rotation_1,Perturbation generation failed - Image processing error,Generation Failure,rotation
chart_127_blur_1,Perturbation generation failed - Image processing error,Generation Failure,blur
chart_128_noise_1,Perturbation generation failed - Image processing error,Generation Failure,noise
chart_129_contrast_1,Perturbation generation failed - Image processing error,Generation Failure,contrast
chart_130_brightness_1,Perturbation generation failed - Image processing error,Generation Failure,brightness
chart_131_rotation_1,Perturbation generation failed - Image processing error,Generation Failure,rotation
chart_132_blur_1,Perturbation generation failed - Image processing error,Generation Failure,blur
chart_133_noise_1,Perturbation generation failed - Image processing error,Generation Failure,noise
chart_134_contrast_1,Perturbation generation failed - Image processing error,Generation Failure,contrast
chart_135_brightness_1,Perturbation generation failed - Image processing error,Generation Failure,brightness
chart_136_rotation_1,Perturbation generation failed - Image processing error,Generation Failure,rotation
chart_137_blur_1,Perturbation generation failed - Image processing error,Generation Failure,blur
chart_138_noise_1,Perturbation generation failed - Image processing error,Generation Failure,noise
chart_139_contrast_1,Perturbation generation failed - Image processing error,Generation Failure,contrast
chart_140_brightness_1,Perturbation generation failed - Image processing error,Generation Failure,brightness
chart_141_rotation_1,Perturbation generation failed - Image processing error,Generation Failure,rotation
chart_142_blur_1,Perturbation generation failed - Image processing error,Generation Failure,blur
chart_143_noise_1,Perturbation generation failed - Image processing error,Generation Failure,noise
chart_144_contrast_1,Perturbation generation failed - Image processing error,Generation Failure,contrast
chart_145_brightness_1,Perturbation generation failed - Image processing error,Generation Failure,brightness
chart_146_rotation_1,Perturbation generation failed - Image processing error,Generation Failure,rotation
chart_147_blur_1,Perturbation generation failed - Image processing error,Generation Failure,blur
chart_148_noise_1,Perturbation generation failed - Image processing error,Generation Failure,noise
chart_149_contrast_1,Perturbation generation failed - Image processing error,Generation Failure,contrast
chart_150_brightness_1,Perturbation generation failed - Image processing error,Generation Failure,brightness
chart_151_rotation_1,Perturbation generation failed - Image processing error,Generation Failure,rotation
chart_152_blur_1,Perturbation generation failed - Image processing error,Generation Failure,blur
chart_153_noise_1,Perturbation generation failed - Image processing error,Generation Failure,noise
chart_154_contrast_1,Perturbation generation failed - Image processing error,Generation Failure,contrast
chart_155_brightness_1,Perturbation generation failed - Image processing error,Generation Failure,brightness
chart_156_rotation_1,Perturbation generation failed - Image processing error,Generation Failure,rotation
chart_157_blur_1,Perturbation generation failed - Image processing error,Generation Failure,blur
chart_158_noise_1,Perturbation generation failed - Image processing error,Generation Failure,noise
chart_159_contrast_1,Perturbation generation failed - Image processing error,Generation Failure,contrast
chart_160_brightness_1,Perturbation generation failed - Image processing error,Generation Failure,brightness
chart_162_rotation_1,Perturbation generation failed - Image processing error,Generation Failure,rotation
chart_163_blur_1,Perturbation generation failed - Image processing error,Generation Failure,blur
chart_164_noise_1,Perturbation generation failed - Image processing error,Generation Failure,noise
chart_165_contrast_1,Perturbation generation failed - Image processing error,Generation Failure,contrast
chart_166_brightness_1,Perturbation generation failed - Image processing error,Generation Failure,brightness
chart_167_rotation_1,Perturbation generation failed - Image processing error,Generation Failure,rotation
chart_168_blur_1,Perturbation generation failed - Image processing error,Generation Failure,blur
chart_169_noise_1,Perturbation generation failed - Image processing error,Generation Failure,noise
chart_170_contrast_1,Perturbation generation failed - Image processing error,Generation Failure,contrast
chart_171_brightness_1,Perturbation generation failed - Image processing error,Generation Failure,brightness
chart_172_rotation_1,Perturbation generation failed - Image processing error,Generation Failure,rotation
chart_173_blur_1,Perturbation generation failed - Image processing error,Generation Failure,blur
chart_174_noise_1,Perturbation generation failed - Image processing error,Generation Failure,noise
chart_175_contrast_1,Perturbation generation failed - Image processing error,Generation Failure,contrast
chart_176_brightness_1,Perturbation generation failed - Image processing error,Generation Failure,brightness
chart_177_rotation_1,Perturbation generation failed - Image processing error,Generation Failure,rotation
chart_178_blur_1,Perturbation generation failed - Image processing error,Generation Failure,blur
chart_179_noise_1,Perturbation generation failed - Image processing error,Generation Failure,noise
chart_180_contrast_1,Perturbation generation failed - Image processing error,Generation Failure,contrast
chart_181_brightness_1,Perturbation generation failed - Image processing error,Generation Failure,brightness
chart_182_rotation_1,Perturbation generation failed - Image processing error,Generation Failure,rotation
chart_183_blur_1,Perturbation generation failed - Image processing error,Generation Failure,blur
chart_184_noise_1,Perturbation generation failed - Image processing error,Generation Failure,noise
chart_185_contrast_1,Perturbation generation failed - Image processing error,Generation Failure,contrast
chart_186_brightness_1,Perturbation generation failed - Image processing error,Generation Failure,brightness
chart_187_rotation_1,Perturbation generation failed - Image processing error,Generation Failure,rotation
chart_188_blur_1,Perturbation generation failed - Image processing error,Generation Failure,blur
chart_189_noise_1,Perturbation generation failed - Image processing error,Generation Failure,noise
chart_190_contrast_1,Perturbation generation failed - Image processing error,Generation Failure,contrast
chart_191_brightness_1,Perturbation generation failed - Image processing error,Generation Failure,brightness
chart_192_rotation_1,Perturbation generation failed - Image processing error,Generation Failure,rotation
chart_193_blur_1,Perturbation generation failed - Image processing error,Generation Failure,blur
chart_194_noise_1,Perturbation generation failed - Image processing error,Generation Failure,noise
chart_195_contrast_1,Perturbation generation failed - Image processing error,Generation Failure,contrast
chart_196_brightness_1,Perturbation generation failed - Image processing error,Generation Failure,brightness
chart_197_rotation_1,Perturbation generation failed - Image processing error,Generation Failure,rotation
chart_198_blur_1,Perturbation generation failed - Image processing error,Generation Failure,blur
chart_199_noise_1,Perturbation generation failed - Image processing error,Generation Failure,noise
chart_200_contrast_1,Perturbation generation failed - Image processing error,Generation Failure,contrast
chart_001_brightness_0,Perturbation generation failed - Image processing error,Generation Failure,brightness
chart_002_rotation_2,Perturbation generation failed - Image processing error,Generation Failure,rotation
chart_003_blur_2,Perturbation generation failed - Image processing error,Generation Failure,blur
chart_005_noise_2,Perturbation generation failed - Image processing error,Generation Failure,noise
chart_006_contrast_0,Perturbation generation failed - Image processing error,Generation Failure,contrast
chart_007_brightness_0,Perturbation generation failed - Image processing error,Generation Failure,brightness
chart_008_rotation_2,Perturbation generation failed - Image processing error,Generation Failure,rotation
chart_009_blur_2,Perturbation generation failed - Image processing error,Generation Failure,blur
chart_010_noise_2,Perturbation generation failed - Image processing error,Generation Failure,noise
chart_011_contrast_0,Perturbation generation failed - Image processing error,Generation Failure,contrast
chart_012_brightness_0,Perturbation generation failed - Image processing error,Generation Failure,brightness
chart_013_rotation_2,Perturbation generation failed - Image processing error,Generation Failure,rotation
chart_014_blur_2,Perturbation generation failed - Image processing error,Generation Failure,blur
chart_015_noise_2,Perturbation generation failed - Image processing error,Generation Failure,noise
chart_016_contrast_0,Perturbation generation failed - Image processing error,Generation Failure,contrast
chart_017_brightness_0,Perturbation generation failed - Image processing error,Generation Failure,brightness
chart_018_rotation_2,Perturbation generation failed - Image processing error,Generation Failure,rotation
chart_019_blur_2,Perturbation generation failed - Image processing error,Generation Failure,blur
chart_020_noise_2,Perturbation generation failed - Image processing error,Generation Failure,noise
chart_021_contrast_0,Perturbation generation failed - Image processing error,Generation Failure,contrast
chart_022_brightness_0,Perturbation generation failed - Image processing error,Generation Failure,brightness
chart_023_rotation_2,Perturbation generation failed - Image processing error,Generation Failure,rotation
chart_024_blur_2,Perturbation generation failed - Image processing error,Generation Failure,blur
chart_025_noise_2,Perturbation generation failed - Image processing error,Generation Failure,noise
chart_027_contrast_0,Perturbation generation failed - Image processing error,Generation Failure,contrast
chart_028_brightness_0,Perturbation generation failed - Image processing error,Generation Failure,brightness
chart_029_rotation_2,Perturbation generation failed - Image processing error,Generation Failure,rotation
chart_030_blur_2,Perturbation generation failed - Image processing error,Generation Failure,blur
chart_031_noise_2,Perturbation generation failed - Image processing error,Generation Failure,noise
chart_032_contrast_0,Perturbation generation failed - Image processing error,Generation Failure,contrast
chart_033_brightness_0,Perturbation generation failed - Image processing error,Generation Failure,brightness
chart_034_rotation_2,Perturbation generation failed - Image processing error,Generation Failure,rotation
chart_035_blur_2,Perturbation generation failed - Image processing error,Generation Failure,blur
chart_036_noise_2,Perturbation generation failed - Image processing error,Generation Failure,noise
chart_037_contrast_0,Perturbation generation failed - Image processing error,Generation Failure,contrast
chart_038_brightness_0,Perturbation generation failed - Image processing error,Generation Failure,brightness
chart_039_rotation_2,Perturbation generation failed - Image processing error,Generation Failure,rotation
chart_040_blur_2,Perturbation generation failed - Image processing error,Generation Failure,blur
chart_041_noise_2,Perturbation generation failed - Image processing error,Generation Failure,noise
chart_042_contrast_0,Perturbation generation failed - Image processing error,Generation Failure,contrast
chart_043_brightness_0,Perturbation generation failed - Image processing error,Generation Failure,brightness
chart_044_rotation_2,Perturbation generation failed - Image processing error,Generation Failure,rotation
chart_045_blur_2,Perturbation generation failed - Image processing error,Generation Failure,blur
chart_046_noise_2,Perturbation generation failed - Image processing error,Generation Failure,noise
chart_047_contrast_0,Perturbation generation failed - Image processing error,Generation Failure,contrast
chart_048_brightness_0,Perturbation generation failed - Image processing error,Generation Failure,brightness
chart_049_rotation_2,Perturbation generation failed - Image processing error,Generation Failure,rotation
chart_050_blur_2,Perturbation generation failed - Image processing error,Generation Failure,blur
chart_051_noise_2,Perturbation generation failed - Image processing error,Generation Failure,noise
chart_052_contrast_0,Perturbation generation failed - Image processing error,Generation Failure,contrast
chart_053_brightness_0,Perturbation generation failed - Image processing error,Generation Failure,brightness
chart_054_rotation_2,Perturbation generation failed - Image processing error,Generation Failure,rotation
chart_055_blur_2,Perturbation generation failed - Image processing error,Generation Failure,blur
chart_056_noise_2,Perturbation generation failed - Image processing error,Generation Failure,noise
chart_057_contrast_0,Perturbation generation failed - Image processing error,Generation Failure,contrast
chart_058_brightness_0,Perturbation generation failed - Image processing error,Generation Failure,brightness
chart_059_rotation_2,Perturbation generation failed - Image processing error,Generation Failure,rotation
chart_060_blur_2,Perturbation generation failed - Image processing error,Generation Failure,blur
chart_061_noise_2,Perturbation generation failed - Image processing error,Generation Failure,noise
chart_062_contrast_0,Perturbation generation failed - Image processing error,Generation Failure,contrast
chart_063_brightness_0,Perturbation generation failed - Image processing error,Generation Failure,brightness
chart_064_rotation_2,Perturbation generation failed - Image processing error,Generation Failure,rotation
chart_065_blur_2,Perturbation generation failed - Image processing error,Generation Failure,blur
chart_066_noise_2,Perturbation generation failed - Image processing error,Generation Failure,noise
chart_067_contrast_0,Perturbation generation failed - Image processing error,Generation Failure,contrast
chart_068_brightness_0,Perturbation generation failed - Image processing error,Generation Failure,brightness
chart_069_rotation_2,Perturbation generation failed - Image processing error,Generation Failure,rotation
chart_070_blur_2,Perturbation generation failed - Image processing error,Generation Failure,blur
chart_071_noise_2,Perturbation generation failed - Image processing error,Generation Failure,noise
chart_072_contrast_0,Perturbation generation failed - Image processing error,Generation Failure,contrast
chart_073_brightness_0,Perturbation generation failed - Image processing error,Generation Failure,brightness
chart_074_rotation_2,Perturbation generation failed - Image processing error,Generation Failure,rotation
chart_075_blur_2,Perturbation generation failed - Image processing error,Generation Failure,blur
chart_076_noise_2,Perturbation generation failed - Image processing error,Generation Failure,noise
chart_077_contrast_0,Perturbation generation failed - Image processing error,Generation Failure,contrast
chart_078_brightness_0,Perturbation generation failed - Image processing error,Generation Failure,brightness
chart_079_rotation_2,Perturbation generation failed - Image processing error,Generation Failure,rotation
chart_080_blur_2,Perturbation generation failed - Image processing error,Generation Failure,blur
chart_081_noise_2,Perturbation generation failed - Image processing error,Generation Failure,noise
chart_082_contrast_0,Perturbation generation failed - Image processing error,Generation Failure,contrast
chart_083_brightness_0,Perturbation generation failed - Image processing error,Generation Failure,brightness
chart_084_rotation_2,Perturbation generation failed - Image processing error,Generation Failure,rotation
chart_085_blur_2,Perturbation generation failed - Image processing error,Generation Failure,blur
chart_086_noise_2,Perturbation generation failed - Image processing error,Generation Failure,noise
chart_087_contrast_0,Perturbation generation failed - Image processing error,Generation Failure,contrast
chart_088_brightness_0,Perturbation generation failed - Image processing error,Generation Failure,brightness
chart_089_rotation_2,Perturbation generation failed - Image processing error,Generation Failure,rotation
chart_090_blur_2,Perturbation generation failed - Image processing error,Generation Failure,blur
chart_091_noise_2,Perturbation generation failed - Image processing error,Generation Failure,noise
chart_092_contrast_0,Perturbation generation failed - Image processing error,Generation Failure,contrast
chart_093_brightness_0,Perturbation generation failed - Image processing error,Generation Failure,brightness
chart_094_rotation_2,Perturbation generation failed - Image processing error,Generation Failure,rotation
chart_095_blur_2,Perturbation generation failed - Image processing error,Generation Failure,blur
chart_096_noise_2,Perturbation generation failed - Image processing error,Generation Failure,noise
chart_097_contrast_0,Perturbation generation failed - Image processing error,Generation Failure,contrast
chart_098_brightness_0,Perturbation generation failed - Image processing error,Generation Failure,brightness
chart_099_rotation_2,Perturbation generation failed - Image processing error,Generation Failure,rotation
chart_100_blur_2,Perturbation generation failed - Image processing error,Generation Failure,blur
chart_101_noise_2,Perturbation generation failed - Image processing error,Generation Failure,noise
chart_102_contrast_0,Perturbation generation failed - Image processing error,Generation Failure,contrast
chart_103_brightness_0,Perturbation generation failed - Image processing error,Generation Failure,brightness
chart_104_rotation_2,Perturbation generation failed - Image processing error,Generation Failure,rotation
chart_105_blur_2,Perturbation generation failed - Image processing error,Generation Failure,blur
chart_106_noise_2,Perturbation generation failed - Image processing error,Generation Failure,noise
chart_107_contrast_0,Perturbation generation failed - Image processing error,Generation Failure,contrast
chart_108_brightness_0,Perturbation generation failed - Image processing error,Generation Failure,brightness
chart_109_rotation_2,Perturbation generation failed - Image processing error,Generation Failure,rotation
chart_110_blur_2,Perturbation generation failed - Image processing error,Generation Failure,blur
chart_111_noise_2,Perturbation generation failed - Image processing error,Generation Failure,noise
chart_112_contrast_0,Perturbation generation failed - Image processing error,Generation Failure,contrast
chart_113_brightness_0,Perturbation generation failed - Image processing error,Generation Failure,brightness
chart_114_rotation_2,Perturbation generation failed - Image processing error,Generation Failure,rotation
chart_115_blur_2,Perturbation generation failed - Image processing error,Generation Failure,blur
chart_116_noise_2,Perturbation generation failed - Image processing error,Generation Failure,noise
chart_117_contrast_0,Perturbation generation failed - Image processing error,Generation Failure,contrast
chart_118_brightness_0,Perturbation generation failed - Image processing error,Generation Failure,brightness
chart_119_rotation_2,Perturbation generation failed - Image processing error,Generation Failure,rotation
chart_120_blur_2,Perturbation generation failed - Image processing error,Generation Failure,blur
chart_121_noise_2,Perturbation generation failed - Image processing error,Generation Failure,noise
chart_122_contrast_0,Perturbation generation failed - Image processing error,Generation Failure,contrast
chart_123_brightness_0,Perturbation generation failed - Image processing error,Generation Failure,brightness
chart_124_rotation_2,Perturbation generation failed - Image processing error,Generation Failure,rotation
chart_125_blur_2,Perturbation generation failed - Image processing error,Generation Failure,blur
chart_126_noise_2,Perturbation generation failed - Image processing error,Generation Failure,noise
chart_127_contrast_0,Perturbation generation failed - Image processing error,Generation Failure,contrast
chart_128_brightness_0,Perturbation generation failed - Image processing error,Generation Failure,brightness
chart_129_rotation_2,Perturbation generation failed - Image processing error,Generation Failure,rotation
chart_130_blur_2,Perturbation generation failed - Image processing error,Generation Failure,blur
chart_131_noise_2,Perturbation generation failed - Image processing error,Generation Failure,noise
chart_132_contrast_0,Perturbation generation failed - Image processing error,Generation Failure,contrast
chart_133_brightness_0,Perturbation generation failed - Image processing error,Generation Failure,brightness
chart_134_rotation_2,Perturbation generation failed - Image processing error,Generation Failure,rotation
chart_135_blur_2,Perturbation generation failed - Image processing error,Generation Failure,blur
chart_136_noise_2,Perturbation generation failed - Image processing error,Generation Failure,noise
chart_137_contrast_0,Perturbation generation failed - Image processing error,Generation Failure,contrast
chart_138_brightness_0,Perturbation generation failed - Image processing error,Generation Failure,brightness
chart_139_rotation_2,Perturbation generation failed - Image processing error,Generation Failure,rotation
chart_140_blur_2,Perturbation generation failed - Image processing error,Generation Failure,blur
chart_141_noise_2,Perturbation generation failed - Image processing error,Generation Failure,noise
chart_142_contrast_0,Perturbation generation failed - Image processing error,Generation Failure,contrast
chart_143_brightness_0,Perturbation generation failed - Image processing error,Generation Failure,brightness
chart_144_rotation_2,Perturbation generation failed - Image processing error,Generation Failure,rotation
chart_145_blur_2,Perturbation generation failed - Image processing error,Generation Failure,blur
chart_146_noise_2,Perturbation generation failed - Image processing error,Generation Failure,noise
chart_147_contrast_0,Perturbation generation failed - Image processing error,Generation Failure,contrast
chart_148_brightness_0,Perturbation generation failed - Image processing error,Generation Failure,brightness
chart_149_rotation_2,Perturbation generation failed - Image processing error,Generation Failure,rotation
chart_150_blur_2,Perturbation generation failed - Image processing error,Generation Failure,blur
chart_151_noise_2,Perturbation generation failed - Image processing error,Generation Failure,noise
chart_152_contrast_0,Perturbation generation failed - Image processing error,Generation Failure,contrast
chart_153_brightness_0,Perturbation generation failed - Image processing error,Generation Failure,brightness
chart_154_rotation_2,Perturbation generation failed - Image processing error,Generation Failure,rotation
chart_155_blur_2,Perturbation generation failed - Image processing error,Generation Failure,blur
chart_156_noise_2,Perturbation generation failed - Image processing error,Generation Failure,noise
chart_157_contrast_0,Perturbation generation failed - Image processing error,Generation Failure,contrast
chart_158_brightness_0,Perturbation generation failed - Image processing error,Generation Failure,brightness
chart_159_rotation_2,Perturbation generation failed - Image processing error,Generation Failure,rotation
chart_160_blur_2,Perturbation generation failed - Image processing error,Generation Failure,blur
chart_162_noise_2,Perturbation generation failed - Image processing error,Generation Failure,noise
chart_163_contrast_0,Perturbation generation failed - Image processing error,Generation Failure,contrast
chart_164_brightness_0,Perturbation generation failed - Image processing error,Generation Failure,brightness
chart_165_rotation_2,Perturbation generation failed - Image processing error,Generation Failure,rotation
chart_166_blur_2,Perturbation generation failed - Image processing error,Generation Failure,blur
chart_167_noise_2,Perturbation generation failed - Image processing error,Generation Failure,noise
chart_168_contrast_0,Perturbation generation failed - Image processing error,Generation Failure,contrast
chart_169_brightness_0,Perturbation generation failed - Image processing error,Generation Failure,brightness
chart_170_rotation_2,Perturbation generation failed - Image processing error,Generation Failure,rotation
chart_171_blur_2,Perturbation generation failed - Image processing error,Generation Failure,blur
chart_172_noise_2,Perturbation generation failed - Image processing error,Generation Failure,noise
chart_173_contrast_0,Perturbation generation failed - Image processing error,Generation Failure,contrast
chart_174_brightness_0,Perturbation generation failed - Image processing error,Generation Failure,brightness
chart_175_rotation_2,Perturbation generation failed - Image processing error,Generation Failure,rotation
chart_176_blur_2,Perturbation generation failed - Image processing error,Generation Failure,blur
chart_177_noise_2,Perturbation generation failed - Image processing error,Generation Failure,noise
chart_178_contrast_0,Perturbation generation failed - Image processing error,Generation Failure,contrast
chart_179_brightness_0,Perturbation generation failed - Image processing error,Generation Failure,brightness
chart_180_rotation_2,Perturbation generation failed - Image processing error,Generation Failure,rotation
chart_181_blur_2,Perturbation generation failed - Image processing error,Generation Failure,blur
chart_182_noise_2,Perturbation generation failed - Image processing error,Generation Failure,noise
chart_183_contrast_0,Perturbation generation failed - Image processing error,Generation Failure,contrast
chart_184_brightness_0,Perturbation generation failed - Image processing error,Generation Failure,brightness
chart_185_rotation_2,Perturbation generation failed - Image processing error,Generation Failure,rotation
chart_186_blur_2,Perturbation generation failed - Image processing error,Generation Failure,blur
chart_187_noise_2,Perturbation generation failed - Image processing error,Generation Failure,noise
chart_188_contrast_0,Perturbation generation failed - Image processing error,Generation Failure,contrast
chart_189_brightness_0,Perturbation generation failed - Image processing error,Generation Failure,brightness
chart_190_rotation_2,Perturbation generation failed - Image processing error,Generation Failure,rotation
chart_191_blur_2,Perturbation generation failed - Image processing error,Generation Failure,blur
chart_192_noise_2,Perturbation generation failed - Image processing error,Generation Failure,noise
chart_193_contrast_0,Perturbation generation failed - Image processing error,Generation Failure,contrast
chart_194_brightness_0,Perturbation generation failed - Image processing error,Generation Failure,brightness
chart_195_rotation_2,Perturbation generation failed - Image processing error,Generation Failure,rotation
chart_196_blur_2,Perturbation generation failed - Image processing error,Generation Failure,blur
chart_197_noise_2,Perturbation generation failed - Image processing error,Generation Failure,noise
chart_198_contrast_0,Perturbation generation failed - Image processing error,Generation Failure,contrast
chart_199_brightness_0,Perturbation generation failed - Image processing error,Generation Failure,brightness
chart_200_rotation_2,Perturbation generation failed - Image processing error,Generation Failure,rotation
chart_001_blur_0,Perturbation generation failed - Image processing error,Generation Failure,blur
chart_002_noise_0,Perturbation generation failed - Image processing error,Generation Failure,noise
chart_003_contrast_1,Perturbation generation failed - Image processing error,Generation Failure,contrast
chart_005_brightness_1,Perturbation generation failed - Image processing error,Generation Failure,brightness
chart_006_rotation_3,Perturbation generation failed - Image processing error,Generation Failure,rotation
chart_007_blur_0,Perturbation generation failed - Image processing error,Generation Failure,blur
chart_008_noise_0,Perturbation generation failed - Image processing error,Generation Failure,noise
chart_009_contrast_1,Perturbation generation failed - Image processing error,Generation Failure,contrast
chart_010_brightness_1,Perturbation generation failed - Image processing error,Generation Failure,brightness
chart_011_rotation_3,Perturbation generation failed - Image processing error,Generation Failure,rotation
chart_012_blur_0,Perturbation generation failed - Image processing error,Generation Failure,blur
chart_013_noise_0,Perturbation generation failed - Image processing error,Generation Failure,noise
chart_014_contrast_1,Perturbation generation failed - Image processing error,Generation Failure,contrast
chart_015_brightness_1,Perturbation generation failed - Image processing error,Generation Failure,brightness
chart_016_rotation_3,Perturbation generation failed - Image processing error,Generation Failure,rotation
chart_017_blur_0,Perturbation generation failed - Image processing error,Generation Failure,blur
chart_018_noise_0,Perturbation generation failed - Image processing error,Generation Failure,noise
chart_019_contrast_1,Perturbation generation failed - Image processing error,Generation Failure,contrast
chart_020_brightness_1,Perturbation generation failed - Image processing error,Generation Failure,brightness
chart_021_rotation_3,Perturbation generation failed - Image processing error,Generation Failure,rotation
chart_022_blur_0,Perturbation generation failed - Image processing error,Generation Failure,blur
chart_023_noise_0,Perturbation generation failed - Image processing error,Generation Failure,noise
chart_024_contrast_1,Perturbation generation failed - Image processing error,Generation Failure,contrast
chart_025_brightness_1,Perturbation generation failed - Image processing error,Generation Failure,brightness
chart_027_rotation_3,Perturbation generation failed - Image processing error,Generation Failure,rotation
chart_028_blur_0,Perturbation generation failed - Image processing error,Generation Failure,blur
chart_029_noise_0,Perturbation generation failed - Image processing error,Generation Failure,noise
chart_030_contrast_1,Perturbation generation failed - Image processing error,Generation Failure,contrast
chart_031_brightness_1,Perturbation generation failed - Image processing error,Generation Failure,brightness
chart_032_rotation_3,Perturbation generation failed - Image processing error,Generation Failure,rotation
chart_033_blur_0,Perturbation generation failed - Image processing error,Generation Failure,blur
chart_034_noise_0,Perturbation generation failed - Image processing error,Generation Failure,noise
chart_035_contrast_1,Perturbation generation failed - Image processing error,Generation Failure,contrast
chart_036_brightness_1,Perturbation generation failed - Image processing error,Generation Failure,brightness
chart_037_rotation_3,Perturbation generation failed - Image processing error,Generation Failure,rotation
chart_038_blur_0,Perturbation generation failed - Image processing error,Generation Failure,blur
chart_039_noise_0,Perturbation generation failed - Image processing error,Generation Failure,noise
chart_040_contrast_1,Perturbation generation failed - Image processing error,Generation Failure,contrast
chart_041_brightness_1,Perturbation generation failed - Image processing error,Generation Failure,brightness
chart_042_rotation_3,Perturbation generation failed - Image processing error,Generation Failure,rotation
chart_043_blur_0,Perturbation generation failed - Image processing error,Generation Failure,blur
chart_044_noise_0,Perturbation generation failed - Image processing error,Generation Failure,noise
chart_045_contrast_1,Perturbation generation failed - Image processing error,Generation Failure,contrast
chart_046_brightness_1,Perturbation generation failed - Image processing error,Generation Failure,brightness
chart_047_rotation_3,Perturbation generation failed - Image processing error,Generation Failure,rotation
chart_048_blur_0,Perturbation generation failed - Image processing error,Generation Failure,blur
chart_049_noise_0,Perturbation generation failed - Image processing error,Generation Failure,noise
chart_050_contrast_1,Perturbation generation failed - Image processing error,Generation Failure,contrast
chart_051_brightness_1,Perturbation generation failed - Image processing error,Generation Failure,brightness
chart_052_rotation_3,Perturbation generation failed - Image processing error,Generation Failure,rotation
chart_053_blur_0,Perturbation generation failed - Image processing error,Generation Failure,blur
chart_054_noise_0,Perturbation generation failed - Image processing error,Generation Failure,noise
chart_055_contrast_1,Perturbation generation failed - Image processing error,Generation Failure,contrast
chart_056_brightness_1,Perturbation generation failed - Image processing error,Generation Failure,brightness
chart_057_rotation_3,Perturbation generation failed - Image processing error,Generation Failure,rotation
chart_058_blur_0,Perturbation generation failed - Image processing error,Generation Failure,blur
chart_059_noise_0,Perturbation generation failed - Image processing error,Generation Failure,noise
chart_060_contrast_1,Perturbation generation failed - Image processing error,Generation Failure,contrast
chart_061_brightness_1,Perturbation generation failed - Image processing error,Generation Failure,brightness
chart_062_rotation_3,Perturbation generation failed - Image processing error,Generation Failure,rotation
chart_063_blur_0,Perturbation generation failed - Image processing error,Generation Failure,blur
chart_064_noise_0,Perturbation generation failed - Image processing error,Generation Failure,noise
chart_065_contrast_1,Perturbation generation failed - Image processing error,Generation Failure,contrast
chart_066_brightness_1,Perturbation generation failed - Image processing error,Generation Failure,brightness
chart_067_rotation_3,Perturbation generation failed - Image processing error,Generation Failure,rotation
chart_068_blur_0,Perturbation generation failed - Image processing error,Generation Failure,blur
chart_069_noise_0,Perturbation generation failed - Image processing error,Generation Failure,noise
chart_070_contrast_1,Perturbation generation failed - Image processing error,Generation Failure,contrast
chart_071_brightness_1,Perturbation generation failed - Image processing error,Generation Failure,brightness
chart_072_rotation_3,Perturbation generation failed - Image processing error,Generation Failure,rotation
chart_073_blur_0,Perturbation generation failed - Image processing error,Generation Failure,blur
chart_074_noise_0,Perturbation generation failed - Image processing error,Generation Failure,noise
chart_075_contrast_1,Perturbation generation failed - Image processing error,Generation Failure,contrast
chart_076_brightness_1,Perturbation generation failed - Image processing error,Generation Failure,brightness
chart_077_rotation_3,Perturbation generation failed - Image processing error,Generation Failure,rotation
chart_078_blur_0,Perturbation generation failed - Image processing error,Generation Failure,blur
chart_079_noise_0,Perturbation generation failed - Image processing error,Generation Failure,noise
chart_080_contrast_1,Perturbation generation failed - Image processing error,Generation Failure,contrast
chart_081_brightness_1,Perturbation generation failed - Image processing error,Generation Failure,brightness
chart_082_rotation_3,Perturbation generation failed - Image processing error,Generation Failure,rotation
chart_083_blur_0,Perturbation generation failed - Image processing error,Generation Failure,blur
chart_084_noise_0,Perturbation generation failed - Image processing error,Generation Failure,noise
chart_085_contrast_1,Perturbation generation failed - Image processing error,Generation Failure,contrast
chart_086_brightness_1,Perturbation generation failed - Image processing error,Generation Failure,brightness
chart_087_rotation_3,Perturbation generation failed - Image processing error,Generation Failure,rotation
chart_088_blur_0,Perturbation generation failed - Image processing error,Generation Failure,blur
chart_089_noise_0,Perturbation generation failed - Image processing error,Generation Failure,noise
chart_090_contrast_1,Perturbation generation failed - Image processing error,Generation Failure,contrast
chart_091_brightness_1,Perturbation generation failed - Image processing error,Generation Failure,brightness
chart_092_rotation_3,Perturbation generation failed - Image processing error,Generation Failure,rotation
chart_093_blur_0,Perturbation generation failed - Image processing error,Generation Failure,blur
chart_094_noise_0,Perturbation generation failed - Image processing error,Generation Failure,noise
chart_095_contrast_1,Perturbation generation failed - Image processing error,Generation Failure,contrast
chart_096_brightness_1,Perturbation generation failed - Image processing error,Generation Failure,brightness
chart_097_rotation_3,Perturbation generation failed - Image processing error,Generation Failure,rotation
chart_098_blur_0,Perturbation generation failed - Image processing error,Generation Failure,blur
chart_099_noise_0,Perturbation generation failed - Image processing error,Generation Failure,noise
chart_100_contrast_1,Perturbation generation failed - Image processing error,Generation Failure,contrast
chart_101_brightness_1,Perturbation generation failed - Image processing error,Generation Failure,brightness
chart_102_rotation_3,Perturbation generation failed - Image processing error,Generation Failure,rotation
chart_103_blur_0,Perturbation generation failed - Image processing error,Generation Failure,blur
chart_104_noise_0,Perturbation generation failed - Image processing error,Generation Failure,noise
chart_105_contrast_1,Perturbation generation failed - Image processing error,Generation Failure,contrast
chart_106_brightness_1,Perturbation generation failed - Image processing error,Generation Failure,brightness
chart_107_rotation_3,Perturbation generation failed - Image processing error,Generation Failure,rotation
chart_108_blur_0,Perturbation generation failed - Image processing error,Generation Failure,blur
chart_109_noise_0,Perturbation generation failed - Image processing error,Generation Failure,noise
chart_110_contrast_1,Perturbation generation failed - Image processing error,Generation Failure,contrast
chart_111_brightness_1,Perturbation generation failed - Image processing error,Generation Failure,brightness
chart_112_rotation_3,Perturbation generation failed - Image processing error,Generation Failure,rotation
chart_113_blur_0,Perturbation generation failed - Image processing error,Generation Failure,blur
chart_114_noise_0,Perturbation generation failed - Image processing error,Generation Failure,noise
chart_115_contrast_1,Perturbation generation failed - Image processing error,Generation Failure,contrast
chart_116_brightness_1,Perturbation generation failed - Image processing error,Generation Failure,brightness
chart_117_rotation_3,Perturbation generation failed - Image processing error,Generation Failure,rotation
chart_118_blur_0,Perturbation generation failed - Image processing error,Generation Failure,blur
chart_119_noise_0,Perturbation generation failed - Image processing error,Generation Failure,noise
chart_120_contrast_1,Perturbation generation failed - Image processing error,Generation Failure,contrast
chart_121_brightness_1,Perturbation generation failed - Image processing error,Generation Failure,brightness
chart_122_rotation_3,Perturbation generation failed - Image processing error,Generation Failure,rotation
chart_123_blur_0,Perturbation generation failed - Image processing error,Generation Failure,blur
chart_124_noise_0,Perturbation generation failed - Image processing error,Generation Failure,noise
chart_125_contrast_1,Perturbation generation failed - Image processing error,Generation Failure,contrast
chart_126_brightness_1,Perturbation generation failed - Image processing error,Generation Failure,brightness
chart_127_rotation_3,Perturbation generation failed - Image processing error,Generation Failure,rotation
chart_128_blur_0,Perturbation generation failed - Image processing error,Generation Failure,blur
chart_129_noise_0,Perturbation generation failed - Image processing error,Generation Failure,noise
chart_130_contrast_1,Perturbation generation failed - Image processing error,Generation Failure,contrast
chart_131_brightness_1,Perturbation generation failed - Image processing error,Generation Failure,brightness
chart_132_rotation_3,Perturbation generation failed - Image processing error,Generation Failure,rotation
chart_133_blur_0,Perturbation generation failed - Image processing error,Generation Failure,blur
chart_134_noise_0,Perturbation generation failed - Image processing error,Generation Failure,noise
chart_135_contrast_1,Perturbation generation failed - Image processing error,Generation Failure,contrast
chart_136_brightness_1,Perturbation generation failed - Image processing error,Generation Failure,brightness
chart_137_rotation_3,Perturbation generation failed - Image processing error,Generation Failure,rotation
chart_138_blur_0,Perturbation generation failed - Image processing error,Generation Failure,blur
chart_139_noise_0,Perturbation generation failed - Image processing error,Generation Failure,noise
chart_140_contrast_1,Perturbation generation failed - Image processing error,Generation Failure,contrast
chart_141_brightness_1,Perturbation generation failed - Image processing error,Generation Failure,brightness
chart_142_rotation_3,Perturbation generation failed - Image processing error,Generation Failure,rotation
chart_143_blur_0,Perturbation generation failed - Image processing error,Generation Failure,blur
chart_144_noise_0,Perturbation generation failed - Image processing error,Generation Failure,noise
chart_145_contrast_1,Perturbation generation failed - Image processing error,Generation Failure,contrast
chart_146_brightness_1,Perturbation generation failed - Image processing error,Generation Failure,brightness
chart_147_rotation_3,Perturbation generation failed - Image processing error,Generation Failure,rotation
chart_148_blur_0,Perturbation generation failed - Image processing error,Generation Failure,blur
chart_149_noise_0,Perturbation generation failed - Image processing error,Generation Failure,noise
chart_150_contrast_1,Perturbation generation failed - Image processing error,Generation Failure,contrast
chart_151_brightness_1,Perturbation generation failed - Image processing error,Generation Failure,brightness
chart_152_rotation_3,Perturbation generation failed - Image processing error,Generation Failure,rotation
chart_153_blur_0,Perturbation generation failed - Image processing error,Generation Failure,blur
chart_154_noise_0,Perturbation generation failed - Image processing error,Generation Failure,noise
chart_155_contrast_1,Perturbation generation failed - Image processing error,Generation Failure,contrast
chart_156_brightness_1,Perturbation generation failed - Image processing error,Generation Failure,brightness
chart_157_rotation_3,Perturbation generation failed - Image processing error,Generation Failure,rotation
chart_158_blur_0,Perturbation generation failed - Image processing error,Generation Failure,blur
chart_159_noise_0,Perturbation generation failed - Image processing error,Generation Failure,noise
chart_160_contrast_1,Perturbation generation failed - Image processing error,Generation Failure,contrast
chart_162_brightness_1,Perturbation generation failed - Image processing error,Generation Failure,brightness
chart_163_rotation_3,Perturbation generation failed - Image processing error,Generation Failure,rotation
chart_164_blur_0,Perturbation generation failed - Image processing error,Generation Failure,blur
