extraction_key,extraction_type,exact_match_accuracy,partial_match_f1,value_extraction_accuracy,structural_understanding,original_chart_id,perturbation_type,intensity
chart_179_advanced_bar,original,0.0,0.15384615384615385,15.384615384615385,50.0,,,
chart_035_medium_line,original,0.0,0.4444444444444444,22.22222222222222,100.0,,,
chart_058_complex_bar,original,0.0,0.0,0.0,12.5,,,
chart_189_medium_pie,original,0.0,0.0,0.0,100.0,,,
chart_003_medium_bar,original,0.0,0.0,0.0,31.25,,,
chart_102_medium_line,original,0.0,0.0,0.0,66.66666666666666,,,
chart_196_advanced_scatter,original,0.0,0.35714285714285715,14.285714285714285,100.0,,,
chart_120_complex_pie,original,0.0,0.0,0.0,100.0,,,
chart_011_medium_scatter,original,0.0,0.0,0.0,92.85714285714286,,,
chart_192_complex_line,original,0.0,0.09090909090909091,9.090909090909092,100.0,,,
chart_153_advanced_pie,original,0.0,0.0,0.0,100.0,,,
chart_064_complex_pie,original,0.0,0.0,0.0,100.0,,,
chart_190_advanced_line,original,0.0,0.10714285714285712,13.333333333333334,68.29268292682926,,,
chart_028_advanced_area,original,0.0,0.0,0.0,23.52941176470588,,,
chart_050_medium_pie,original,0.0,0.0,0.0,100.0,,,
chart_074_complex_bar,original,0.0,0.0,0.0,16.666666666666664,,,
chart_002_medium_bar,original,0.0,0.0,0.0,27.77777777777778,,,
chart_159_complex_line,original,0.0,0.25,16.666666666666664,100.0,,,
chart_167_advanced_area,original,0.0,0.05,0.0,16.666666666666664,,,
chart_045_complex_bar,original,0.0,0.0,0.0,16.666666666666664,,,
chart_195_advanced_pie,original,0.0,0.0,0.0,100.0,,,
chart_162_complex_bar,original,0.0,0.0,0.0,13.157894736842104,,,
chart_002_medium_line,original,0.0,0.5,30.0,100.0,,,
chart_043_medium_pie,original,0.0,0.0,0.0,100.0,,,
chart_013_advanced_bar,original,0.0,0.23076923076923078,15.384615384615385,50.0,,,
chart_083_complex_bar,original,0.0,0.0,0.0,16.666666666666664,,,
chart_034_medium_line,original,0.0,0.19047619047619047,0.0,75.0,,,
chart_040_medium_area,original,0.0,0.0,0.0,30.0,,,
chart_147_complex_pie,original,0.0,0.0,0.0,100.0,,,
chart_156_complex_bar,original,0.0,0.4255319148936171,90.9090909090909,15.277777777777779,,,
chart_076_medium_area,original,0.0,0.5714285714285714,42.857142857142854,50.0,,,
chart_042_medium_bar,original,0.0,0.0,0.0,16.666666666666664,,,
chart_158_medium_bar,original,0.0,0.0,0.0,16.666666666666664,,,
chart_007_complex_line,original,0.0,0.20000000000000004,20.0,100.0,,,
chart_010_advanced_pie,original,0.0,0.0,0.0,100.0,,,
chart_036_advanced_bar,original,0.0,0.0,0.0,20.833333333333336,,,
chart_067_advanced_scatter,original,0.0,0.09090909090909091,9.090909090909092,100.0,,,
chart_082_complex_line,original,0.0,0.2727272727272727,9.090909090909092,100.0,,,
chart_093_complex_area,original,0.0,0.4444444444444444,11.11111111111111,50.0,,,
chart_134_advanced_scatter,original,0.0,0.0,0.0,100.0,,,
chart_030_medium_bar,original,0.0,0.0,0.0,25.0,,,
chart_059_advanced_bar,original,0.0,0.30303030303030304,81.81818181818183,10.0,,,
chart_087_complex_scatter,original,0.0,0.0,0.0,100.0,,,
chart_104_advanced_line,original,0.0,0.14285714285714285,0.0,100.0,,,
chart_008_complex_pie,original,0.0,0.0,0.0,100.0,,,
chart_129_complex_bar,original,0.0,0.0,0.0,12.5,,,
chart_113_complex_bar,original,0.0,0.0,0.0,17.391304347826086,,,
chart_071_advanced_bar,original,0.0,0.04938271604938271,7.6923076923076925,9.558823529411764,,,
chart_122_advanced_scatter,original,0.0,1.0,83.33333333333334,100.0,,,
chart_109_advanced_bar,original,0.0,0.0,0.0,13.392857142857142,,,
chart_077_complex_area,original,0.0,0.25,8.333333333333332,50.0,,,
chart_144_complex_bar,original,0.0,0.0,0.0,16.666666666666664,,,
chart_062_advanced_line,original,0.0,0.15384615384615385,15.384615384615385,100.0,,,
chart_098_complex_bar,original,0.0,0.0,0.0,16.666666666666664,,,
chart_194_medium_line,original,0.0,0.25,12.5,100.0,,,
chart_108_medium_bar,original,0.0,0.0,0.0,25.0,,,
chart_124_medium_scatter,original,0.0,0.0,0.0,83.33333333333333,,,
chart_041_medium_line,original,0.0,0.0,0.0,75.0,,,
chart_001_complex_bar,original,0.0,0.0,0.0,11.11111111111111,,,
chart_200_complex_pie,original,0.0,0.0,0.0,100.0,,,
chart_193_medium_line,original,0.0,0.3333333333333333,33.33333333333333,75.0,,,
chart_014_complex_bar,original,0.0,0.0,0.0,12.5,,,
chart_128_complex_bar,original,0.0,0.0,0.0,12.5,,,
chart_117_medium_line,original,0.0,0.5,33.33333333333333,100.0,,,
chart_116_advanced_pie,original,0.0,0.0,0.0,100.0,,,
chart_142_complex_line,original,0.0,0.3,20.0,100.0,,,
chart_165_advanced_pie,original,0.0,0.0,0.0,100.0,,,
chart_078_complex_bar,original,0.0,0.2,50.0,12.5,,,
chart_118_medium_line,original,0.0,0.5,33.33333333333333,100.0,,,
chart_017_complex_scatter,original,0.0,0.0,0.0,100.0,,,
chart_012_advanced_line,original,0.0,0.0,0.0,95.83333333333333,,,
chart_177_complex_bar,original,0.0,0.0,0.0,12.5,,,
chart_140_medium_scatter,original,0.0,0.0,0.0,91.66666666666667,,,
chart_143_medium_pie,original,0.0,0.0,0.0,100.0,,,
chart_063_medium_line,original,0.0,0.0,0.0,75.0,,,
chart_160_complex_bar,original,0.0,0.0,0.0,12.5,,,
chart_111_medium_line,original,0.0,0.0,0.0,75.0,,,
chart_044_medium_bar,original,0.0,0.0,0.0,40.0,,,
chart_099_medium_line,original,0.0,0.5,16.666666666666664,100.0,,,
chart_132_complex_bar,original,0.0,0.0,0.0,16.666666666666664,,,
chart_052_advanced_area,original,0.0,0.0,0.0,50.0,,,
chart_138_complex_bar,original,0.0,0.0,0.0,12.5,,,
chart_110_complex_area,original,0.0,0.25,25.0,50.0,,,
chart_121_complex_scatter,original,0.0,0.0,0.0,100.0,,,
chart_170_complex_line,original,0.0,0.08333333333333333,8.333333333333332,100.0,,,
chart_119_advanced_pie,original,0.0,0.0,0.0,100.0,,,
chart_176_medium_pie,original,0.0,0.0,0.0,100.0,,,
chart_031_complex_bar,original,0.0,0.0,0.0,18.75,,,
chart_125_medium_bar,original,0.0,0.0,0.0,16.666666666666664,,,
chart_145_medium_bar,original,0.0,0.0,0.0,16.666666666666664,,,
chart_080_medium_pie,original,0.0,0.0,0.0,100.0,,,
chart_175_advanced_bar,original,0.0,0.33333333333333337,90.9090909090909,10.0,,,
chart_061_complex_bar,original,0.0,0.0,0.0,16.666666666666664,,,
chart_081_complex_scatter,original,0.0,0.0,0.0,100.0,,,
chart_107_medium_scatter,original,0.0,0.0,0.0,81.25,,,
chart_100_complex_area,original,0.0,0.2727272727272727,9.090909090909092,50.0,,,
chart_155_advanced_pie,original,0.0,0.0,0.0,100.0,,,
chart_070_medium_bar,original,0.0,0.0,0.0,25.0,,,
chart_025_medium_bar,original,0.0,0.0,0.0,25.0,,,
chart_184_complex_bar,original,0.0,0.30769230769230765,45.45454545454545,19.642857142857142,,,
chart_150_medium_bar,original,0.0,0.0,0.0,16.666666666666664,,,
chart_049_advanced_bar,original,0.0,0.0,0.0,10.0,,,
chart_166_medium_bar,original,0.0,0.0,0.0,25.0,,,
chart_101_complex_pie,original,0.0,0.0,0.0,100.0,,,
chart_003_advanced_pie,original,0.0,0.0,0.0,100.0,,,
chart_103_complex_scatter,original,0.0,0.0,0.0,100.0,,,
chart_027_complex_area,original,0.0,0.0,0.0,12.5,,,
chart_183_complex_bar,original,0.0,0.0,0.0,16.666666666666664,,,
chart_097_medium_line,original,0.0,0.38095238095238093,42.857142857142854,75.0,,,
chart_096_medium_bar,original,0.0,0.0,0.0,25.0,,,
chart_172_medium_bar,original,0.0,0.0,0.0,16.666666666666664,,,
chart_130_complex_bar,original,0.0,0.0,0.0,12.5,,,
chart_174_complex_line,original,0.0,0.0,0.0,100.0,,,
chart_199_advanced_pie,original,0.0,0.0,0.0,100.0,,,
chart_133_medium_line,original,0.0,0.3,10.0,100.0,,,
chart_154_medium_area,original,0.0,0.4000000000000001,20.0,50.0,,,
chart_123_medium_line,original,0.0,0.1111111111111111,11.11111111111111,100.0,,,
chart_032_advanced_scatter,original,0.0,0.0,0.0,82.14285714285714,,,
chart_046_medium_line,original,0.0,0.16666666666666666,0.0,100.0,,,
chart_136_medium_bar,original,0.0,0.0,0.0,16.666666666666664,,,
chart_173_advanced_line,original,0.0,0.25,16.666666666666664,100.0,,,
chart_169_medium_scatter,original,0.0,0.0,0.0,92.85714285714286,,,
chart_131_complex_bar,original,0.0,0.0,0.0,16.666666666666664,,,
chart_126_complex_line,original,0.0,0.625,25.0,100.0,,,
chart_019_advanced_scatter,original,0.0,0.7499999999999999,20.0,80.0,,,
chart_079_complex_bar,original,0.0,0.0,0.0,16.666666666666664,,,
chart_075_medium_line,original,0.0,0.6666666666666666,16.666666666666664,100.0,,,
chart_016_medium_area,original,0.0,0.7777777777777778,44.44444444444444,50.0,,,
chart_066_advanced_bar,original,0.0,0.46153846153846156,38.46153846153847,50.0,,,
chart_051_advanced_area,original,0.0,0.0,0.0,67.56756756756756,,,
chart_088_complex_bar,original,0.0,0.0,0.0,12.5,,,
chart_092_advanced_scatter,original,0.0,0.20000000000000004,6.666666666666667,100.0,,,
chart_039_complex_scatter,original,0.0,0.0,0.0,68.18181818181819,,,
chart_091_advanced_pie,original,0.0,0.0,0.0,100.0,,,
chart_114_advanced_line,original,0.0,0.07692307692307693,7.6923076923076925,100.0,,,
chart_163_complex_scatter,original,0.0,0.0,0.0,100.0,,,
chart_157_medium_line,original,0.0,0.0,0.0,100.0,,,
chart_023_medium_scatter,original,0.0,0.0,0.0,85.0,,,
chart_180_advanced_bar,original,0.0,0.25,16.666666666666664,50.0,,,
chart_146_complex_line,original,0.0,0.0,0.0,50.0,,,
chart_072_advanced_line,original,0.0,0.6,50.0,100.0,,,
chart_056_medium_bar,original,0.0,0.0,0.0,16.666666666666664,,,
chart_151_complex_line,original,0.0,0.36363636363636365,36.36363636363637,100.0,,,
chart_015_complex_line,original,0.0,0.2727272727272727,0.0,100.0,,,
chart_047_complex_bar,original,0.0,0.0,0.0,25.0,,,
chart_090_complex_area,original,0.0,0.36363636363636365,27.27272727272727,100.0,,,
chart_073_medium_area,original,0.0,0.3333333333333333,33.33333333333333,25.0,,,
chart_139_medium_bar,original,0.0,0.0,0.0,25.0,,,
chart_018_complex_line,original,0.0,0.18181818181818182,9.090909090909092,100.0,,,
chart_094_complex_scatter,original,0.0,0.0,0.0,100.0,,,
chart_029_medium_pie,original,0.0,0.0,0.0,100.0,,,
chart_135_medium_bar,original,0.0,0.0,0.0,16.666666666666664,,,
chart_115_medium_line,original,0.0,0.6666666666666666,33.33333333333333,100.0,,,
chart_009_complex_bar,original,0.0,0.3272727272727273,81.81818181818183,12.5,,,
chart_065_advanced_pie,original,0.0,0.0,0.0,100.0,,,
chart_178_advanced_scatter,original,0.0,0.6,30.0,100.0,,,
chart_086_medium_bar,original,0.0,0.0,0.0,25.0,,,
chart_089_medium_scatter,original,0.0,0.0,0.0,94.44444444444444,,,
chart_022_complex_bar,original,0.0,0.0,0.0,16.666666666666664,,,
chart_095_complex_bar,original,0.0,0.0,0.0,16.666666666666664,,,
chart_182_advanced_pie,original,0.0,0.0,0.0,100.0,,,
chart_191_medium_line,original,0.0,0.20000000000000004,10.0,100.0,,,
chart_084_medium_pie,original,0.0,0.0,0.0,100.0,,,
chart_181_complex_pie,original,0.0,0.0,0.0,100.0,,,
chart_037_complex_scatter,original,0.0,0.0,0.0,83.33333333333333,,,
chart_168_advanced_line,original,0.0,0.21428571428571427,0.0,100.0,,,
chart_085_advanced_scatter,original,0.0,0.09090909090909091,0.0,100.0,,,
chart_185_complex_area,original,0.0,0.20000000000000004,0.0,50.0,,,
chart_038_medium_line,original,0.0,0.5714285714285714,57.14285714285714,100.0,,,
chart_001_medium_bar,original,0.0,0.0,0.0,25.0,,,
chart_069_advanced_line,original,0.0,0.29411764705882354,36.36363636363637,73.91304347826086,,,
chart_148_advanced_scatter,original,0.0,0.0,0.0,96.66666666666667,,,
chart_112_complex_bar,original,0.0,0.0,0.0,16.666666666666664,,,
chart_054_medium_bar,original,0.0,0.0,0.0,25.0,,,
chart_105_complex_bar,original,0.0,0.0,0.0,12.5,,,
chart_188_complex_line,original,0.0,0.09090909090909091,0.0,100.0,,,
chart_164_advanced_line,original,0.0,0.10000000000000002,10.0,100.0,,,
chart_048_complex_bar,original,0.0,0.0,0.0,22.916666666666664,,,
chart_141_medium_scatter,original,0.0,0.0,0.0,85.0,,,
chart_198_medium_bar,original,0.0,0.0,0.0,25.0,,,
chart_152_complex_line,original,0.0,0.08333333333333333,8.333333333333332,100.0,,,
chart_127_complex_line,original,0.0,0.2727272727272727,9.090909090909092,100.0,,,
chart_057_medium_bar,original,0.0,0.0,0.0,16.666666666666664,,,
chart_053_complex_bar,original,0.0,0.0,0.0,16.0,,,
chart_021_medium_bar,original,0.0,0.0,0.0,28.57142857142857,,,
chart_005_complex_bar,original,0.0,0.0,0.0,16.666666666666664,,,
chart_006_advanced_scatter,original,0.0,0.16666666666666666,8.333333333333332,100.0,,,
chart_106_medium_bar,original,0.0,0.0,0.0,16.666666666666664,,,
chart_149_complex_line,original,0.0,0.3,10.0,100.0,,,
chart_020_medium_scatter,original,0.0,0.0,0.0,87.5,,,
chart_137_medium_bar,original,0.0,0.0,0.0,16.666666666666664,,,
chart_197_complex_area,original,0.0,0.1111111111111111,11.11111111111111,50.0,,,
chart_171_advanced_bar,original,0.0,0.16666666666666666,8.333333333333332,50.0,,,
chart_024_complex_line,original,0.0,0.0,0.0,91.66666666666667,,,
chart_186_medium_line,original,0.0,0.42857142857142855,42.857142857142854,100.0,,,
chart_033_medium_line,original,0.0,0.2857142857142857,14.285714285714285,100.0,,,
chart_055_complex_line,original,0.0,0.0,0.0,12.5,,,
chart_060_advanced_bar,original,0.0,0.0,0.0,50.0,,,
chart_068_medium_scatter,original,0.0,0.0,0.0,92.85714285714286,,,
chart_187_complex_scatter,original,0.0,0.0,0.0,100.0,,,
chart_179_advanced_bar_rotation_low,perturbation,0.0,0.23076923076923078,7.6923076923076925,50.0,chart_179,rotation,low
chart_156_complex_bar_rotation_high,perturbation,0.0,0.0,0.0,12.5,chart_156,rotation,high
chart_062_advanced_line_legend_corruption_medium,perturbation,0.0,0.24000000000000002,23.076923076923077,96.15384615384616,chart_062,corruption,medium
chart_123_medium_line_brightness_shift_medium,perturbation,0.0,0.1111111111111111,11.11111111111111,100.0,chart_123,shift,medium
chart_016_medium_area_brightness_shift_medium,perturbation,0.0,0.5555555555555556,33.33333333333333,50.0,chart_016,shift,medium
chart_064_complex_pie_gaussian_blur_high,perturbation,0.0,0.0,0.0,100.0,chart_064,blur,high
chart_036_advanced_bar_gaussian_blur_medium,perturbation,0.0,0.0,0.0,20.833333333333336,chart_036,blur,medium
chart_177_complex_bar_gaussian_blur_medium,perturbation,0.0,0.0,0.0,12.5,chart_177,blur,medium
chart_007_complex_line_brightness_shift_high,perturbation,0.0,0.20000000000000004,20.0,100.0,chart_007,shift,high
chart_111_medium_line_brightness_shift_medium,perturbation,0.0,0.0,0.0,75.0,chart_111,shift,medium
chart_032_advanced_scatter_rotation_medium,perturbation,0.0,0.0,0.0,82.14285714285714,chart_032,rotation,medium
chart_158_medium_bar_random_blocks_medium,perturbation,0.0,0.0,0.0,0.0,chart_158,blocks,medium
chart_067_advanced_scatter_random_blocks_medium,perturbation,0.0,0.36363636363636365,36.36363636363637,100.0,chart_067,blocks,medium
chart_002_medium_line_gaussian_blur_medium,perturbation,0.0,0.3,10.0,100.0,chart_002,blur,medium
chart_093_complex_area_brightness_shift_medium,perturbation,0.0,0.2222222222222222,11.11111111111111,50.0,chart_093,shift,medium
chart_092_advanced_scatter_gaussian_blur_medium,perturbation,0.0,0.3333333333333333,6.666666666666667,100.0,chart_092,blur,medium
chart_066_advanced_bar_random_blocks_medium,perturbation,0.0,0.3076923076923077,15.384615384615385,50.0,chart_066,blocks,medium
chart_104_advanced_line_rotation_medium,perturbation,0.0,0.35714285714285715,21.428571428571427,100.0,chart_104,rotation,medium
chart_125_medium_bar_rotation_medium,perturbation,0.0,0.0,0.0,16.666666666666664,chart_125,rotation,medium
chart_129_complex_bar_brightness_shift_low,perturbation,0.0,0.0,0.0,12.5,chart_129,shift,low
chart_200_complex_pie_random_blocks_medium,perturbation,0.0,0.10000000000000002,10.0,100.0,chart_200,blocks,medium
chart_074_complex_bar_gaussian_blur_medium,perturbation,0.0,0.0,0.0,16.666666666666664,chart_074,blur,medium
chart_098_complex_bar_rotation_medium,perturbation,0.0,0.0,0.0,16.666666666666664,chart_098,rotation,medium
chart_010_advanced_pie_gaussian_blur_high,perturbation,0.0,0.0,0.0,100.0,chart_010,blur,high
chart_131_complex_bar_legend_corruption_medium,perturbation,0.0,0.0,0.0,16.666666666666664,chart_131,corruption,medium
chart_101_complex_pie_brightness_shift_medium,perturbation,0.0,0.0,0.0,100.0,chart_101,shift,medium
chart_107_medium_scatter_brightness_shift_medium,perturbation,0.0,0.0,0.0,93.75,chart_107,shift,medium
chart_102_medium_line_rotation_medium,perturbation,0.0,0.0,0.0,66.66666666666666,chart_102,rotation,medium
chart_050_medium_pie_brightness_shift_low,perturbation,0.0,0.0,0.0,100.0,chart_050,shift,low
chart_025_medium_bar_legend_corruption_medium,perturbation,0.0,0.0,0.0,25.0,chart_025,corruption,medium
chart_023_medium_scatter_gaussian_blur_medium,perturbation,0.0,0.0,0.0,85.0,chart_023,blur,medium
chart_175_advanced_bar_legend_corruption_medium,perturbation,0.0,0.32786885245901637,81.81818181818183,11.0,chart_175,corruption,medium
chart_199_advanced_pie_legend_corruption_medium,perturbation,0.0,0.0,0.0,100.0,chart_199,corruption,medium
chart_064_complex_pie_rotation_low,perturbation,0.0,0.0,0.0,100.0,chart_064,rotation,low
chart_096_medium_bar_gaussian_blur_medium,perturbation,0.0,0.0,0.0,25.0,chart_096,blur,medium
chart_190_advanced_line_rotation_high,perturbation,0.0,0.13333333333333333,6.666666666666667,100.0,chart_190,rotation,high
chart_064_complex_pie_gaussian_blur_low,perturbation,0.0,0.0,0.0,100.0,chart_064,blur,low
chart_070_medium_bar_random_blocks_medium,perturbation,0.0,0.0,0.0,0.0,chart_070,blocks,medium
chart_123_medium_line_gaussian_blur_medium,perturbation,0.0,0.6666666666666666,66.66666666666666,100.0,chart_123,blur,medium
chart_023_medium_scatter_brightness_shift_medium,perturbation,0.0,0.0,0.0,90.0,chart_023,shift,medium
chart_101_complex_pie_gaussian_blur_medium,perturbation,0.0,0.0,0.0,100.0,chart_101,blur,medium
chart_145_medium_bar_rotation_medium,perturbation,0.0,0.0,0.0,16.666666666666664,chart_145,rotation,medium
chart_042_medium_bar_brightness_shift_high,perturbation,0.0,0.0,0.0,16.666666666666664,chart_042,shift,high
chart_012_advanced_line_rotation_medium,perturbation,0.0,0.0,0.0,86.66666666666667,chart_012,rotation,medium
chart_034_medium_line_brightness_shift_medium,perturbation,0.0,0.42857142857142855,0.0,100.0,chart_034,shift,medium
chart_034_medium_line_brightness_shift_low,perturbation,0.0,0.38095238095238093,0.0,75.0,chart_034,shift,low
chart_162_complex_bar_gaussian_blur_high,perturbation,0.0,0.3,30.0,50.0,chart_162,blur,high
chart_183_complex_bar_rotation_medium,perturbation,0.0,0.0,0.0,16.666666666666664,chart_183,rotation,medium
chart_128_complex_bar_random_blocks_medium,perturbation,0.0,0.0,0.0,14.0625,chart_128,blocks,medium
chart_158_medium_bar_brightness_shift_medium,perturbation,0.0,0.0,0.0,16.666666666666664,chart_158,shift,medium
chart_122_advanced_scatter_gaussian_blur_medium,perturbation,0.0,1.0,83.33333333333334,100.0,chart_122,blur,medium
chart_156_complex_bar_brightness_shift_high,perturbation,0.0,0.0,0.0,12.5,chart_156,shift,high
chart_019_advanced_scatter_rotation_medium,perturbation,0.0,0.0,0.0,80.0,chart_019,rotation,medium
chart_043_medium_pie_random_blocks_medium,perturbation,0.0,0.0,0.0,100.0,chart_043,blocks,medium
chart_136_medium_bar_brightness_shift_medium,perturbation,0.0,0.0,0.0,16.666666666666664,chart_136,shift,medium
chart_195_advanced_pie_gaussian_blur_high,perturbation,0.0,0.0,0.0,100.0,chart_195,blur,high
chart_072_advanced_line_rotation_medium,perturbation,0.0,0.7,60.0,50.0,chart_072,rotation,medium
chart_126_complex_line_legend_corruption_medium,perturbation,0.0,0.5,12.5,100.0,chart_126,corruption,medium
chart_007_complex_line_legend_corruption_medium,perturbation,0.0,0.33333333333333326,20.0,90.0,chart_007,corruption,medium
chart_050_medium_pie_rotation_medium,perturbation,0.0,0.0,0.0,100.0,chart_050,rotation,medium
chart_194_medium_line_brightness_shift_medium,perturbation,0.0,0.125,12.5,100.0,chart_194,shift,medium
chart_104_advanced_line_legend_corruption_medium,perturbation,0.0,0.14285714285714285,0.0,100.0,chart_104,corruption,medium
chart_045_complex_bar_random_blocks_medium,perturbation,0.0,0.36363636363636365,27.27272727272727,50.0,chart_045,blocks,medium
chart_019_advanced_scatter_random_blocks_medium,perturbation,0.0,0.0,0.0,80.0,chart_019,blocks,medium
chart_153_advanced_pie_legend_corruption_medium,perturbation,0.0,0.0,0.0,100.0,chart_153,corruption,medium
chart_136_medium_bar_legend_corruption_medium,perturbation,0.0,0.0,0.0,19.444444444444446,chart_136,corruption,medium
chart_013_advanced_bar_legend_corruption_medium,perturbation,0.0,0.07692307692307693,7.6923076923076925,50.0,chart_013,corruption,medium
chart_190_advanced_line_rotation_low,perturbation,0.0,0.3333333333333333,26.666666666666668,100.0,chart_190,rotation,low
chart_027_complex_area_random_blocks_medium,perturbation,0.0,0.0,0.0,0.0,chart_027,blocks,medium
chart_090_complex_area_brightness_shift_medium,perturbation,0.0,0.5454545454545454,36.36363636363637,100.0,chart_090,shift,medium
chart_192_complex_line_legend_corruption_medium,perturbation,0.0,0.0,0.0,90.90909090909092,chart_192,corruption,medium
chart_122_advanced_scatter_brightness_shift_high,perturbation,0.0,1.0,83.33333333333334,100.0,chart_122,shift,high
chart_016_medium_area_gaussian_blur_medium,perturbation,0.0,0.5555555555555556,33.33333333333333,50.0,chart_016,blur,medium
chart_193_medium_line_random_blocks_medium,perturbation,0.0,0.3333333333333333,16.666666666666664,100.0,chart_193,blocks,medium
chart_096_medium_bar_rotation_medium,perturbation,0.0,0.0,0.0,25.0,chart_096,rotation,medium
chart_162_complex_bar_gaussian_blur_medium,perturbation,0.0,0.0,0.0,12.5,chart_162,blur,medium
chart_120_complex_pie_rotation_low,perturbation,0.0,0.0,0.0,100.0,chart_120,rotation,low
chart_169_medium_scatter_gaussian_blur_medium,perturbation,0.0,0.0,0.0,85.71428571428572,chart_169,blur,medium
chart_003_medium_bar_brightness_shift_high,perturbation,0.0,0.0,0.0,31.25,chart_003,shift,high
chart_109_advanced_bar_brightness_shift_high,perturbation,0.0,0.9655172413793104,60.0,46.666666666666664,chart_109,shift,high
chart_175_advanced_bar_random_blocks_medium,perturbation,0.0,0.09090909090909091,0.0,50.0,chart_175,blocks,medium
chart_163_complex_scatter_brightness_shift_medium,perturbation,0.0,0.0,0.0,100.0,chart_163,shift,medium
chart_015_complex_line_random_blocks_medium,perturbation,0.0,0.0,0.0,50.0,chart_015,blocks,medium
chart_091_advanced_pie_brightness_shift_medium,perturbation,0.0,0.0,0.0,100.0,chart_091,shift,medium
chart_013_advanced_bar_rotation_high,perturbation,0.0,0.15384615384615385,15.384615384615385,50.0,chart_013,rotation,high
chart_102_medium_line_gaussian_blur_low,perturbation,0.0,0.0,0.0,66.66666666666666,chart_102,blur,low
chart_030_medium_bar_gaussian_blur_low,perturbation,0.0,0.0,0.0,25.0,chart_030,blur,low
chart_045_complex_bar_brightness_shift_high,perturbation,0.0,0.0,0.0,16.666666666666664,chart_045,shift,high
chart_014_complex_bar_brightness_shift_medium,perturbation,0.0,0.0,0.0,12.5,chart_014,shift,medium
chart_077_complex_area_legend_corruption_medium,perturbation,0.0,0.08333333333333333,0.0,50.0,chart_077,corruption,medium
chart_045_complex_bar_legend_corruption_medium,perturbation,0.0,0.43902439024390244,81.81818181818183,18.333333333333332,chart_045,corruption,medium
chart_179_advanced_bar_random_blocks_medium,perturbation,0.0,0.38461538461538464,15.384615384615385,50.0,chart_179,blocks,medium
chart_093_complex_area_gaussian_blur_medium,perturbation,0.0,0.3333333333333333,11.11111111111111,50.0,chart_093,blur,medium
chart_156_complex_bar_brightness_shift_low,perturbation,0.0,0.0,0.0,12.5,chart_156,shift,low
chart_098_complex_bar_legend_corruption_medium,perturbation,0.0,0.0,0.0,18.333333333333332,chart_098,corruption,medium
chart_121_complex_scatter_gaussian_blur_medium,perturbation,0.0,0.0,0.0,100.0,chart_121,blur,medium
chart_179_advanced_bar_rotation_high,perturbation,0.0,0.38461538461538464,23.076923076923077,50.0,chart_179,rotation,high
chart_189_medium_pie_brightness_shift_low,perturbation,0.0,0.0,0.0,100.0,chart_189,shift,low
chart_076_medium_area_brightness_shift_high,perturbation,0.0,0.5714285714285714,42.857142857142854,50.0,chart_076,shift,high
chart_162_complex_bar_legend_corruption_medium,perturbation,0.0,0.24,60.0,12.5,chart_162,corruption,medium
chart_196_advanced_scatter_rotation_high,perturbation,0.0,0.0,0.0,100.0,chart_196,rotation,high
chart_093_complex_area_rotation_low,perturbation,0.0,0.4444444444444444,22.22222222222222,50.0,chart_093,rotation,low
chart_119_advanced_pie_random_blocks_medium,perturbation,0.0,0.0,0.0,100.0,chart_119,blocks,medium
chart_195_advanced_pie_rotation_high,perturbation,0.0,0.0,0.0,100.0,chart_195,rotation,high
chart_011_medium_scatter_rotation_high,perturbation,0.0,0.0,0.0,85.71428571428572,chart_011,rotation,high
chart_140_medium_scatter_gaussian_blur_medium,perturbation,0.0,0.0,0.0,91.66666666666667,chart_140,blur,medium
chart_114_advanced_line_brightness_shift_medium,perturbation,0.0,0.15384615384615385,15.384615384615385,100.0,chart_114,shift,medium
chart_108_medium_bar_rotation_medium,perturbation,0.0,0.0,0.0,25.0,chart_108,rotation,medium
chart_128_complex_bar_gaussian_blur_medium,perturbation,0.0,0.0,0.0,12.5,chart_128,blur,medium
chart_002_medium_bar_rotation_medium,perturbation,0.0,0.0,0.0,27.77777777777778,chart_002,rotation,medium
chart_028_advanced_area_rotation_low,perturbation,0.0,0.0,0.0,25.0,chart_028,rotation,low
chart_165_advanced_pie_rotation_medium,perturbation,0.0,0.0,0.0,100.0,chart_165,rotation,medium
chart_179_advanced_bar_gaussian_blur_high,perturbation,0.0,0.38461538461538464,23.076923076923077,50.0,chart_179,blur,high
chart_189_medium_pie_rotation_high,perturbation,0.0,0.0,0.0,100.0,chart_189,rotation,high
chart_158_medium_bar_rotation_low,perturbation,0.0,0.0,0.0,16.666666666666664,chart_158,rotation,low
chart_082_complex_line_rotation_high,perturbation,0.0,0.2727272727272727,9.090909090909092,100.0,chart_082,rotation,high
chart_073_medium_area_rotation_medium,perturbation,0.0,0.4444444444444444,50.0,25.0,chart_073,rotation,medium
chart_113_complex_bar_gaussian_blur_high,perturbation,0.0,0.0,0.0,16.666666666666664,chart_113,blur,high
chart_147_complex_pie_brightness_shift_high,perturbation,0.0,0.0,0.0,100.0,chart_147,shift,high
chart_050_medium_pie_brightness_shift_high,perturbation,0.0,0.0,0.0,100.0,chart_050,shift,high
chart_063_medium_line_gaussian_blur_medium,perturbation,0.0,0.0,0.0,75.0,chart_063,blur,medium
chart_192_complex_line_brightness_shift_high,perturbation,0.0,0.36363636363636365,18.181818181818183,100.0,chart_192,shift,high
chart_167_advanced_area_legend_corruption_medium,perturbation,0.0,0.05128205128205129,10.0,17.24137931034483,chart_167,corruption,medium
chart_003_advanced_pie_random_blocks_medium,perturbation,0.0,0.0,0.0,100.0,chart_003,blocks,medium
chart_067_advanced_scatter_rotation_high,perturbation,0.0,0.36363636363636365,0.0,100.0,chart_067,rotation,high
chart_177_complex_bar_legend_corruption_medium,perturbation,0.0,0.0,0.0,11.538461538461538,chart_177,corruption,medium
chart_166_medium_bar_rotation_medium,perturbation,0.0,0.0,0.0,25.0,chart_166,rotation,medium
chart_117_medium_line_legend_corruption_medium,perturbation,0.0,0.19047619047619044,33.33333333333333,70.0,chart_117,corruption,medium
chart_176_medium_pie_rotation_medium,perturbation,0.0,0.0,0.0,100.0,chart_176,rotation,medium
chart_079_complex_bar_rotation_medium,perturbation,0.0,0.0,0.0,17.647058823529413,chart_079,rotation,medium
chart_193_medium_line_gaussian_blur_medium,perturbation,0.0,0.3333333333333333,33.33333333333333,75.0,chart_193,blur,medium
chart_072_advanced_line_random_blocks_medium,perturbation,0.0,0.6,60.0,50.0,chart_072,blocks,medium
chart_108_medium_bar_legend_corruption_medium,perturbation,0.0,0.0,0.0,25.0,chart_108,corruption,medium
chart_174_complex_line_legend_corruption_medium,perturbation,0.0,0.11111111111111112,0.0,90.0,chart_174,corruption,medium
chart_128_complex_bar_legend_corruption_medium,perturbation,0.0,0.0,0.0,14.0625,chart_128,corruption,medium
chart_003_medium_bar_random_blocks_medium,perturbation,0.0,0.0,0.0,31.25,chart_003,blocks,medium
chart_014_complex_bar_rotation_medium,perturbation,0.0,0.0,0.0,12.5,chart_014,rotation,medium
chart_099_medium_line_random_blocks_medium,perturbation,0.0,0.5,33.33333333333333,100.0,chart_099,blocks,medium
chart_134_advanced_scatter_brightness_shift_low,perturbation,0.0,0.0,0.0,100.0,chart_134,shift,low
chart_013_advanced_bar_random_blocks_medium,perturbation,0.0,0.15384615384615385,15.384615384615385,50.0,chart_013,blocks,medium
chart_003_medium_bar_brightness_shift_medium,perturbation,0.0,0.0,0.0,31.25,chart_003,shift,medium
chart_167_advanced_area_rotation_high,perturbation,0.0,0.3,10.0,50.0,chart_167,rotation,high
chart_153_advanced_pie_gaussian_blur_medium,perturbation,0.0,0.0,0.0,100.0,chart_153,blur,medium
chart_099_medium_line_gaussian_blur_medium,perturbation,0.0,0.5,16.666666666666664,100.0,chart_099,blur,medium
chart_067_advanced_scatter_brightness_shift_medium,perturbation,0.0,0.09090909090909091,9.090909090909092,100.0,chart_067,shift,medium
chart_018_complex_line_random_blocks_medium,perturbation,0.0,0.0,0.0,50.0,chart_018,blocks,medium
chart_126_complex_line_rotation_medium,perturbation,0.0,0.25,12.5,100.0,chart_126,rotation,medium
chart_002_medium_bar_gaussian_blur_low,perturbation,0.0,0.0,0.0,27.77777777777778,chart_002,blur,low
chart_002_medium_bar_legend_corruption_medium,perturbation,0.0,0.0,0.0,33.33333333333333,chart_002,corruption,medium
chart_183_complex_bar_random_blocks_medium,perturbation,0.0,0.5555555555555556,55.55555555555556,50.0,chart_183,blocks,medium
chart_067_advanced_scatter_brightness_shift_low,perturbation,0.0,0.09090909090909091,9.090909090909092,100.0,chart_067,shift,low
chart_156_complex_bar_legend_corruption_medium,perturbation,0.0,0.36000000000000004,63.63636363636363,14.102564102564102,chart_156,corruption,medium
chart_062_advanced_line_gaussian_blur_medium,perturbation,0.0,0.23076923076923078,23.076923076923077,100.0,chart_062,blur,medium
chart_109_advanced_bar_legend_corruption_medium,perturbation,0.0,0.9655172413793104,66.66666666666666,46.666666666666664,chart_109,corruption,medium
chart_002_medium_line_brightness_shift_high,perturbation,0.0,0.5,0.0,100.0,chart_002,shift,high
chart_110_complex_area_random_blocks_medium,perturbation,0.0,0.25,12.5,50.0,chart_110,blocks,medium
chart_138_complex_bar_brightness_shift_medium,perturbation,0.0,0.0,0.0,12.5,chart_138,shift,medium
chart_027_complex_area_brightness_shift_medium,perturbation,0.0,0.0,0.0,50.0,chart_027,shift,medium
chart_153_advanced_pie_rotation_low,perturbation,0.0,0.0,0.0,100.0,chart_153,rotation,low
chart_056_medium_bar_legend_corruption_medium,perturbation,0.0,0.0,0.0,16.666666666666664,chart_056,corruption,medium
chart_124_medium_scatter_gaussian_blur_medium,perturbation,0.0,0.0,0.0,83.33333333333333,chart_124,blur,medium
chart_195_advanced_pie_gaussian_blur_low,perturbation,0.0,0.0,0.0,100.0,chart_195,blur,low
chart_159_complex_line_brightness_shift_low,perturbation,0.0,0.08333333333333333,8.333333333333332,100.0,chart_159,shift,low
chart_071_advanced_bar_brightness_shift_high,perturbation,0.0,0.05333333333333333,7.6923076923076925,10.483870967741936,chart_071,shift,high
chart_072_advanced_line_gaussian_blur_medium,perturbation,0.0,0.0,0.0,60.0,chart_072,blur,medium
chart_114_advanced_line_random_blocks_medium,perturbation,0.0,0.0,0.0,100.0,chart_114,blocks,medium
chart_013_advanced_bar_brightness_shift_medium,perturbation,0.0,0.23076923076923078,15.384615384615385,50.0,chart_013,shift,medium
chart_130_complex_bar_random_blocks_medium,perturbation,0.0,0.0,0.0,15.625,chart_130,blocks,medium
chart_179_advanced_bar_brightness_shift_medium,perturbation,0.0,0.3076923076923077,23.076923076923077,50.0,chart_179,shift,medium
chart_107_medium_scatter_rotation_medium,perturbation,0.0,0.0,0.0,81.25,chart_107,rotation,medium
chart_076_medium_area_brightness_shift_medium,perturbation,0.0,0.5714285714285714,57.14285714285714,50.0,chart_076,shift,medium
chart_195_advanced_pie_gaussian_blur_medium,perturbation,0.0,0.0,0.0,100.0,chart_195,blur,medium
chart_150_medium_bar_gaussian_blur_medium,perturbation,0.0,0.0,0.0,16.666666666666664,chart_150,blur,medium
chart_074_complex_bar_brightness_shift_low,perturbation,0.0,0.0,0.0,16.666666666666664,chart_074,shift,low
chart_035_medium_line_brightness_shift_low,perturbation,0.0,0.3333333333333333,33.33333333333333,100.0,chart_035,shift,low
chart_190_advanced_line_rotation_medium,perturbation,0.0,0.26666666666666666,26.666666666666668,100.0,chart_190,rotation,medium
chart_062_advanced_line_brightness_shift_medium,perturbation,0.0,0.15384615384615385,15.384615384615385,100.0,chart_062,shift,medium
chart_031_complex_bar_legend_corruption_medium,perturbation,0.0,0.0,0.0,21.428571428571427,chart_031,corruption,medium
chart_070_medium_bar_rotation_medium,perturbation,0.0,0.0,0.0,25.0,chart_070,rotation,medium
chart_008_complex_pie_gaussian_blur_high,perturbation,0.0,0.0,0.0,100.0,chart_008,blur,high
chart_003_medium_bar_gaussian_blur_low,perturbation,0.0,0.0,0.0,31.25,chart_003,blur,low
chart_142_complex_line_brightness_shift_medium,perturbation,0.0,0.10000000000000002,10.0,100.0,chart_142,shift,medium
chart_064_complex_pie_brightness_shift_high,perturbation,0.0,0.0,0.0,100.0,chart_064,shift,high
chart_139_medium_bar_random_blocks_medium,perturbation,0.0,0.0,0.0,25.0,chart_139,blocks,medium
chart_177_complex_bar_rotation_medium,perturbation,0.0,0.0,0.0,12.5,chart_177,rotation,medium
chart_035_medium_line_rotation_low,perturbation,0.0,0.2222222222222222,22.22222222222222,100.0,chart_035,rotation,low
chart_111_medium_line_rotation_medium,perturbation,0.0,0.0,0.0,75.0,chart_111,rotation,medium
chart_156_complex_bar_random_blocks_medium,perturbation,0.0,0.36363636363636365,36.36363636363637,50.0,chart_156,blocks,medium
chart_129_complex_bar_rotation_low,perturbation,0.0,0.0,0.0,12.5,chart_129,rotation,low
chart_169_medium_scatter_brightness_shift_medium,perturbation,0.0,0.0,0.0,92.85714285714286,chart_169,shift,medium
chart_144_complex_bar_random_blocks_medium,perturbation,0.0,0.0,0.0,16.666666666666664,chart_144,blocks,medium
chart_113_complex_bar_legend_corruption_medium,perturbation,0.0,0.0,0.0,19.047619047619047,chart_113,corruption,medium
chart_107_medium_scatter_random_blocks_medium,perturbation,0.0,0.0,0.0,81.25,chart_107,blocks,medium
chart_145_medium_bar_legend_corruption_medium,perturbation,0.0,0.0,0.0,16.666666666666664,chart_145,corruption,medium
chart_159_complex_line_gaussian_blur_high,perturbation,0.0,0.0,0.0,100.0,chart_159,blur,high
chart_102_medium_line_legend_corruption_medium,perturbation,0.0,0.0,0.0,68.75,chart_102,corruption,medium
chart_007_complex_line_brightness_shift_low,perturbation,0.0,0.20000000000000004,20.0,100.0,chart_007,shift,low
chart_014_complex_bar_random_blocks_medium,perturbation,0.0,0.0,0.0,12.5,chart_014,blocks,medium
chart_150_medium_bar_random_blocks_medium,perturbation,0.0,0.0,0.0,0.0,chart_150,blocks,medium
chart_173_advanced_line_legend_corruption_medium,perturbation,0.0,0.1818181818181818,8.333333333333332,91.66666666666667,chart_173,corruption,medium
chart_104_advanced_line_gaussian_blur_low,perturbation,0.0,0.07142857142857142,0.0,100.0,chart_104,blur,low
chart_156_complex_bar_brightness_shift_medium,perturbation,0.0,0.3272727272727273,72.72727272727273,12.5,chart_156,shift,medium
chart_099_medium_line_legend_corruption_medium,perturbation,0.0,0.1818181818181818,0.0,91.66666666666667,chart_099,corruption,medium
chart_034_medium_line_random_blocks_medium,perturbation,0.0,0.0,0.0,50.0,chart_034,blocks,medium
chart_013_advanced_bar_brightness_shift_low,perturbation,0.0,0.23076923076923078,15.384615384615385,50.0,chart_013,shift,low
chart_028_advanced_area_brightness_shift_high,perturbation,0.0,0.0,0.0,25.0,chart_028,shift,high
chart_002_medium_bar_gaussian_blur_high,perturbation,0.0,0.0,0.0,27.77777777777778,chart_002,blur,high
chart_015_complex_line_rotation_medium,perturbation,0.0,0.18181818181818182,0.0,100.0,chart_015,rotation,medium
chart_193_medium_line_rotation_medium,perturbation,0.0,0.2222222222222222,16.666666666666664,75.0,chart_193,rotation,medium
chart_059_advanced_bar_brightness_shift_medium,perturbation,0.0,0.18181818181818182,9.090909090909092,50.0,chart_059,shift,medium
chart_090_complex_area_gaussian_blur_medium,perturbation,0.0,0.0,0.0,16.666666666666664,chart_090,blur,medium
chart_080_medium_pie_legend_corruption_medium,perturbation,0.0,0.0,0.0,92.85714285714286,chart_080,corruption,medium
chart_102_medium_line_brightness_shift_high,perturbation,0.0,0.0,0.0,66.66666666666666,chart_102,shift,high
chart_002_medium_line_rotation_high,perturbation,0.0,0.20000000000000004,10.0,100.0,chart_002,rotation,high
chart_100_complex_area_random_blocks_medium,perturbation,0.0,0.0,0.0,0.0,chart_100,blocks,medium
chart_074_complex_bar_rotation_medium,perturbation,0.0,0.0,0.0,16.666666666666664,chart_074,rotation,medium
chart_039_complex_scatter_gaussian_blur_medium,perturbation,0.0,0.0,0.0,68.18181818181819,chart_039,blur,medium
chart_067_advanced_scatter_rotation_low,perturbation,0.0,0.09090909090909091,9.090909090909092,100.0,chart_067,rotation,low
chart_083_complex_bar_random_blocks_medium,perturbation,0.0,0.4444444444444444,44.44444444444444,50.0,chart_083,blocks,medium
chart_134_advanced_scatter_random_blocks_medium,perturbation,0.0,0.09999999999999999,9.090909090909092,90.90909090909092,chart_134,blocks,medium
chart_034_medium_line_gaussian_blur_low,perturbation,0.0,0.19047619047619047,0.0,75.0,chart_034,blur,low
chart_199_advanced_pie_rotation_medium,perturbation,0.0,0.0,0.0,100.0,chart_199,rotation,medium
chart_192_complex_line_random_blocks_medium,perturbation,0.0,0.0,0.0,50.0,chart_192,blocks,medium
chart_162_complex_bar_random_blocks_medium,perturbation,0.0,0.0,0.0,12.5,chart_162,blocks,medium
chart_028_advanced_area_rotation_medium,perturbation,0.0,0.0,0.0,25.0,chart_028,rotation,medium
chart_007_complex_line_gaussian_blur_medium,perturbation,0.0,0.0,0.0,100.0,chart_007,blur,medium
chart_058_complex_bar_brightness_shift_medium,perturbation,0.0,0.0,0.0,12.903225806451612,chart_058,shift,medium
chart_199_advanced_pie_brightness_shift_medium,perturbation,0.0,0.0,0.0,100.0,chart_199,shift,medium
chart_195_advanced_pie_random_blocks_medium,perturbation,0.0,0.10000000000000002,0.0,100.0,chart_195,blocks,medium
chart_162_complex_bar_brightness_shift_high,perturbation,0.0,0.0,0.0,12.5,chart_162,shift,high
chart_162_complex_bar_rotation_medium,perturbation,0.0,0.0,0.0,12.5,chart_162,rotation,medium
chart_073_medium_area_random_blocks_medium,perturbation,0.0,0.5,16.666666666666664,50.0,chart_073,blocks,medium
chart_138_complex_bar_rotation_medium,perturbation,0.0,0.0,0.0,12.5,chart_138,rotation,medium
chart_189_medium_pie_rotation_low,perturbation,0.0,0.0,0.0,100.0,chart_189,rotation,low
chart_193_medium_line_legend_corruption_medium,perturbation,0.0,0.37499999999999994,50.0,80.0,chart_193,corruption,medium
chart_151_complex_line_brightness_shift_medium,perturbation,0.0,0.09090909090909091,9.090909090909092,100.0,chart_151,shift,medium
chart_103_complex_scatter_brightness_shift_medium,perturbation,0.0,0.0,0.0,100.0,chart_103,shift,medium
chart_039_complex_scatter_brightness_shift_medium,perturbation,0.0,0.0,0.0,68.18181818181819,chart_039,shift,medium
chart_094_complex_scatter_gaussian_blur_medium,perturbation,0.0,0.0,0.0,100.0,chart_094,blur,medium
chart_042_medium_bar_rotation_low,perturbation,0.0,0.0,0.0,16.666666666666664,chart_042,rotation,low
chart_163_complex_scatter_gaussian_blur_medium,perturbation,0.0,0.4000000000000001,20.0,100.0,chart_163,blur,medium
chart_077_complex_area_random_blocks_medium,perturbation,0.0,0.0,0.0,0.0,chart_077,blocks,medium
chart_133_medium_line_brightness_shift_medium,perturbation,0.0,0.20000000000000004,10.0,100.0,chart_133,shift,medium
chart_034_medium_line_rotation_medium,perturbation,0.0,0.38095238095238093,14.285714285714285,75.0,chart_034,rotation,medium
chart_170_complex_line_rotation_medium,perturbation,0.0,0.08333333333333333,0.0,100.0,chart_170,rotation,medium
chart_032_advanced_scatter_brightness_shift_medium,perturbation,0.0,0.0,0.0,82.14285714285714,chart_032,shift,medium
chart_093_complex_area_brightness_shift_low,perturbation,0.0,0.1111111111111111,0.0,50.0,chart_093,shift,low
chart_067_advanced_scatter_gaussian_blur_medium,perturbation,0.0,0.09090909090909091,9.090909090909092,100.0,chart_067,blur,medium
chart_109_advanced_bar_rotation_high,perturbation,0.0,0.9333333333333333,80.0,50.0,chart_109,rotation,high
chart_195_advanced_pie_brightness_shift_high,perturbation,0.0,0.0,0.0,100.0,chart_195,shift,high
chart_159_complex_line_rotation_high,perturbation,0.0,0.4166666666666667,25.0,100.0,chart_159,rotation,high
chart_189_medium_pie_gaussian_blur_medium,perturbation,0.0,0.0,0.0,100.0,chart_189,blur,medium
chart_093_complex_area_brightness_shift_high,perturbation,0.0,0.1111111111111111,11.11111111111111,50.0,chart_093,shift,high
chart_126_complex_line_brightness_shift_medium,perturbation,0.0,0.25,0.0,100.0,chart_126,shift,medium
chart_167_advanced_area_rotation_medium,perturbation,0.0,0.20000000000000004,20.0,50.0,chart_167,rotation,medium
chart_044_medium_bar_brightness_shift_medium,perturbation,0.0,0.0,0.0,40.0,chart_044,shift,medium
chart_169_medium_scatter_legend_corruption_medium,perturbation,0.0,0.0,0.0,92.85714285714286,chart_169,corruption,medium
chart_157_medium_line_brightness_shift_medium,perturbation,0.0,0.5,33.33333333333333,100.0,chart_157,shift,medium
chart_143_medium_pie_brightness_shift_medium,perturbation,0.0,0.0,0.0,100.0,chart_143,shift,medium
chart_190_advanced_line_brightness_shift_medium,perturbation,0.0,0.26666666666666666,26.666666666666668,100.0,chart_190,shift,medium
chart_104_advanced_line_gaussian_blur_high,perturbation,0.0,0.07142857142857142,0.0,100.0,chart_104,blur,high
chart_066_advanced_bar_gaussian_blur_medium,perturbation,0.0,0.07692307692307693,7.6923076923076925,50.0,chart_066,blur,medium
chart_064_complex_pie_brightness_shift_low,perturbation,0.0,0.0,0.0,100.0,chart_064,shift,low
chart_102_medium_line_brightness_shift_medium,perturbation,0.0,0.0,0.0,66.66666666666666,chart_102,shift,medium
chart_157_medium_line_random_blocks_medium,perturbation,0.0,0.16666666666666666,16.666666666666664,100.0,chart_157,blocks,medium
chart_159_complex_line_gaussian_blur_medium,perturbation,0.0,0.08333333333333333,8.333333333333332,100.0,chart_159,blur,medium
chart_093_complex_area_legend_corruption_medium,perturbation,0.0,0.125,0.0,38.88888888888889,chart_093,corruption,medium
chart_121_complex_scatter_random_blocks_medium,perturbation,0.0,0.4000000000000001,40.0,100.0,chart_121,blocks,medium
chart_118_medium_line_legend_corruption_medium,perturbation,0.0,0.5,33.33333333333333,100.0,chart_118,corruption,medium
chart_157_medium_line_gaussian_blur_medium,perturbation,0.0,0.5,33.33333333333333,100.0,chart_157,blur,medium
chart_076_medium_area_rotation_high,perturbation,0.0,0.2857142857142857,14.285714285714285,50.0,chart_076,rotation,high
chart_003_medium_bar_gaussian_blur_medium,perturbation,0.0,0.0,0.0,31.25,chart_003,blur,medium
chart_011_medium_scatter_gaussian_blur_low,perturbation,0.0,0.0,0.0,92.85714285714286,chart_011,blur,low
chart_125_medium_bar_legend_corruption_medium,perturbation,0.0,0.4000000000000001,10.0,50.0,chart_125,corruption,medium
chart_042_medium_bar_gaussian_blur_low,perturbation,0.0,0.0,0.0,16.666666666666664,chart_042,blur,low
chart_001_complex_bar_rotation_medium,perturbation,0.0,0.0,0.0,12.0,chart_001,rotation,medium
chart_194_medium_line_legend_corruption_medium,perturbation,0.0,0.375,25.0,100.0,chart_194,corruption,medium
chart_042_medium_bar_brightness_shift_low,perturbation,0.0,0.0,0.0,16.666666666666664,chart_042,shift,low
chart_147_complex_pie_gaussian_blur_low,perturbation,0.0,0.0,0.0,100.0,chart_147,blur,low
chart_073_medium_area_legend_corruption_medium,perturbation,0.0,0.625,50.0,30.0,chart_073,corruption,medium
chart_017_complex_scatter_brightness_shift_medium,perturbation,0.0,0.0,0.0,100.0,chart_017,shift,medium
chart_059_advanced_bar_gaussian_blur_low,perturbation,0.0,0.30303030303030304,81.81818181818183,10.0,chart_059,blur,low
chart_119_advanced_pie_rotation_medium,perturbation,0.0,0.0,0.0,100.0,chart_119,rotation,medium
chart_170_complex_line_random_blocks_medium,perturbation,0.0,0.0,0.0,50.0,chart_170,blocks,medium
chart_177_complex_bar_brightness_shift_medium,perturbation,0.0,0.25,16.666666666666664,50.0,chart_177,shift,medium
chart_093_complex_area_gaussian_blur_high,perturbation,0.0,0.1111111111111111,11.11111111111111,50.0,chart_093,blur,high
chart_087_complex_scatter_rotation_high,perturbation,0.0,0.0,0.0,100.0,chart_087,rotation,high
chart_120_complex_pie_random_blocks_medium,perturbation,0.0,0.0,0.0,100.0,chart_120,blocks,medium
chart_147_complex_pie_gaussian_blur_medium,perturbation,0.0,0.0,0.0,100.0,chart_147,blur,medium
chart_130_complex_bar_rotation_medium,perturbation,0.0,0.0,0.0,12.5,chart_130,rotation,medium
chart_045_complex_bar_rotation_medium,perturbation,0.0,0.0,0.0,16.666666666666664,chart_045,rotation,medium
chart_018_complex_line_legend_corruption_medium,perturbation,0.0,0.18181818181818182,9.090909090909092,100.0,chart_018,corruption,medium
chart_132_complex_bar_random_blocks_medium,perturbation,0.0,0.0,0.0,18.0,chart_132,blocks,medium
chart_040_medium_area_brightness_shift_medium,perturbation,0.0,0.0,0.0,50.0,chart_040,shift,medium
chart_035_medium_line_brightness_shift_high,perturbation,0.0,0.4444444444444444,22.22222222222222,100.0,chart_035,shift,high
chart_110_complex_area_brightness_shift_medium,perturbation,0.0,0.25,25.0,50.0,chart_110,shift,medium
chart_174_complex_line_random_blocks_medium,perturbation,0.0,0.0,0.0,50.0,chart_174,blocks,medium
chart_003_advanced_pie_gaussian_blur_medium,perturbation,0.0,0.0,0.0,100.0,chart_003,blur,medium
chart_030_medium_bar_random_blocks_medium,perturbation,0.0,0.0,0.0,0.0,chart_030,blocks,medium
chart_002_medium_line_random_blocks_medium,perturbation,0.0,0.3,10.0,100.0,chart_002,blocks,medium
chart_184_complex_bar_rotation_medium,perturbation,0.0,0.0,0.0,16.666666666666664,chart_184,rotation,medium
chart_028_advanced_area_gaussian_blur_medium,perturbation,0.0,0.0,0.0,23.52941176470588,chart_028,blur,medium
chart_146_complex_line_brightness_shift_medium,perturbation,0.0,0.0,0.0,12.5,chart_146,shift,medium
chart_040_medium_area_rotation_low,perturbation,0.0,0.0,0.0,37.5,chart_040,rotation,low
chart_140_medium_scatter_brightness_shift_medium,perturbation,0.0,0.0,0.0,91.66666666666667,chart_140,shift,medium
chart_007_complex_line_random_blocks_medium,perturbation,0.0,0.0,0.0,50.0,chart_007,blocks,medium
chart_196_advanced_scatter_gaussian_blur_medium,perturbation,0.0,0.21428571428571427,14.285714285714285,100.0,chart_196,blur,medium
chart_145_medium_bar_gaussian_blur_medium,perturbation,0.0,0.0,0.0,16.666666666666664,chart_145,blur,medium
chart_104_advanced_line_rotation_high,perturbation,0.0,0.2857142857142857,14.285714285714285,100.0,chart_104,rotation,high
chart_088_complex_bar_random_blocks_medium,perturbation,0.0,0.0,0.0,14.285714285714285,chart_088,blocks,medium
chart_017_complex_scatter_legend_corruption_medium,perturbation,0.0,0.0,0.0,100.0,chart_017,corruption,medium
chart_070_medium_bar_gaussian_blur_medium,perturbation,0.0,0.0,0.0,25.0,chart_070,blur,medium
chart_172_medium_bar_rotation_medium,perturbation,0.0,0.0,0.0,16.666666666666664,chart_172,rotation,medium
chart_129_complex_bar_legend_corruption_medium,perturbation,0.0,0.0,0.0,12.5,chart_129,corruption,medium
chart_147_complex_pie_gaussian_blur_high,perturbation,0.0,0.0,0.0,100.0,chart_147,blur,high
chart_063_medium_line_legend_corruption_medium,perturbation,0.0,0.0,0.0,83.33333333333333,chart_063,corruption,medium
chart_035_medium_line_gaussian_blur_high,perturbation,0.0,0.2222222222222222,22.22222222222222,100.0,chart_035,blur,high
chart_046_medium_line_gaussian_blur_medium,perturbation,0.0,0.0,0.0,75.0,chart_046,blur,medium
chart_082_complex_line_random_blocks_medium,perturbation,0.0,0.0,0.0,50.0,chart_082,blocks,medium
chart_194_medium_line_gaussian_blur_medium,perturbation,0.0,0.25,25.0,100.0,chart_194,blur,medium
chart_132_complex_bar_gaussian_blur_medium,perturbation,0.0,0.0,0.0,16.666666666666664,chart_132,blur,medium
chart_133_medium_line_gaussian_blur_medium,perturbation,0.0,0.0,0.0,100.0,chart_133,blur,medium
chart_179_advanced_bar_brightness_shift_low,perturbation,0.0,0.3076923076923077,23.076923076923077,50.0,chart_179,shift,low
chart_023_medium_scatter_legend_corruption_medium,perturbation,0.0,0.0,0.0,80.0,chart_023,corruption,medium
chart_083_complex_bar_gaussian_blur_medium,perturbation,0.0,0.0,0.0,16.666666666666664,chart_083,blur,medium
chart_003_medium_bar_legend_corruption_medium,perturbation,0.0,0.0,0.0,35.714285714285715,chart_003,corruption,medium
chart_184_complex_bar_legend_corruption_medium,perturbation,0.0,0.0,0.0,18.333333333333332,chart_184,corruption,medium
chart_108_medium_bar_brightness_shift_medium,perturbation,0.0,0.0,0.0,25.0,chart_108,shift,medium
chart_096_medium_bar_legend_corruption_medium,perturbation,0.0,0.0,0.0,30.0,chart_096,corruption,medium
chart_176_medium_pie_gaussian_blur_medium,perturbation,0.0,0.0,0.0,100.0,chart_176,blur,medium
chart_064_complex_pie_legend_corruption_medium,perturbation,0.0,0.0,0.0,91.66666666666667,chart_064,corruption,medium
chart_045_complex_bar_rotation_high,perturbation,0.0,0.4090909090909091,81.81818181818183,16.666666666666664,chart_045,rotation,high
chart_143_medium_pie_random_blocks_medium,perturbation,0.0,0.0,0.0,100.0,chart_143,blocks,medium
chart_151_complex_line_random_blocks_medium,perturbation,0.0,0.0,0.0,50.0,chart_151,blocks,medium
chart_144_complex_bar_rotation_medium,perturbation,0.0,0.0,0.0,16.666666666666664,chart_144,rotation,medium
chart_096_medium_bar_brightness_shift_medium,perturbation,0.0,0.0,0.0,25.0,chart_096,shift,medium
chart_190_advanced_line_gaussian_blur_high,perturbation,0.0,0.13333333333333333,13.333333333333334,100.0,chart_190,blur,high
chart_113_complex_bar_rotation_medium,perturbation,0.0,0.0,0.0,16.666666666666664,chart_113,rotation,medium
chart_008_complex_pie_rotation_medium,perturbation,0.0,0.0,0.0,100.0,chart_008,rotation,medium
chart_179_advanced_bar_rotation_medium,perturbation,0.0,0.23076923076923078,7.6923076923076925,50.0,chart_179,rotation,medium
chart_082_complex_line_gaussian_blur_low,perturbation,0.0,0.09090909090909091,0.0,100.0,chart_082,blur,low
chart_132_complex_bar_brightness_shift_medium,perturbation,0.0,0.0,0.0,16.666666666666664,chart_132,shift,medium
chart_087_complex_scatter_gaussian_blur_medium,perturbation,0.0,0.2222222222222222,11.11111111111111,100.0,chart_087,blur,medium
chart_082_complex_line_brightness_shift_medium,perturbation,0.0,0.36363636363636365,18.181818181818183,100.0,chart_082,shift,medium
chart_113_complex_bar_random_blocks_medium,perturbation,0.0,0.0,0.0,19.047619047619047,chart_113,blocks,medium
chart_159_complex_line_random_blocks_medium,perturbation,0.0,0.0,0.0,50.0,chart_159,blocks,medium
chart_042_medium_bar_rotation_high,perturbation,0.0,0.0,0.0,16.666666666666664,chart_042,rotation,high
chart_160_complex_bar_rotation_medium,perturbation,0.0,0.0,0.0,12.5,chart_160,rotation,medium
chart_002_medium_line_legend_corruption_medium,perturbation,0.0,0.4444444444444445,20.0,90.0,chart_002,corruption,medium
chart_100_complex_area_brightness_shift_medium,perturbation,0.0,0.0,0.0,0.0,chart_100,shift,medium
chart_017_complex_scatter_gaussian_blur_medium,perturbation,0.0,0.0,0.0,100.0,chart_017,blur,medium
chart_158_medium_bar_legend_corruption_medium,perturbation,0.0,0.0,0.0,16.666666666666664,chart_158,corruption,medium
chart_074_complex_bar_rotation_high,perturbation,0.0,0.0,0.0,16.666666666666664,chart_074,rotation,high
chart_077_complex_area_rotation_medium,perturbation,0.0,0.0,0.0,0.0,chart_077,rotation,medium
chart_165_advanced_pie_legend_corruption_medium,perturbation,0.0,0.0,0.0,100.0,chart_165,corruption,medium
chart_071_advanced_bar_gaussian_blur_low,perturbation,0.0,0.05263157894736842,7.6923076923076925,10.317460317460316,chart_071,blur,low
chart_035_medium_line_brightness_shift_medium,perturbation,0.0,0.2222222222222222,22.22222222222222,100.0,chart_035,shift,medium
chart_162_complex_bar_gaussian_blur_low,perturbation,0.0,0.0,0.0,12.5,chart_162,blur,low
chart_071_advanced_bar_gaussian_blur_high,perturbation,0.0,0.3076923076923077,23.076923076923077,50.0,chart_071,blur,high
chart_083_complex_bar_brightness_shift_medium,perturbation,0.0,0.0,0.0,16.666666666666664,chart_083,shift,medium
chart_032_advanced_scatter_gaussian_blur_medium,perturbation,0.0,0.0,0.0,82.14285714285714,chart_032,blur,medium
chart_109_advanced_bar_gaussian_blur_high,perturbation,0.0,0.0,0.0,46.666666666666664,chart_109,blur,high
chart_046_medium_line_random_blocks_medium,perturbation,0.0,0.0,0.0,100.0,chart_046,blocks,medium
chart_040_medium_area_rotation_medium,perturbation,0.0,0.0,0.0,25.0,chart_040,rotation,medium
chart_113_complex_bar_gaussian_blur_low,perturbation,0.0,0.0,0.0,17.391304347826086,chart_113,blur,low
chart_174_complex_line_brightness_shift_medium,perturbation,0.0,0.10000000000000002,10.0,100.0,chart_174,shift,medium
chart_061_complex_bar_legend_corruption_medium,perturbation,0.0,0.0,0.0,16.666666666666664,chart_061,corruption,medium
chart_050_medium_pie_rotation_low,perturbation,0.0,0.0,0.0,100.0,chart_050,rotation,low
chart_159_complex_line_brightness_shift_medium,perturbation,0.0,0.0,0.0,100.0,chart_159,shift,medium
chart_120_complex_pie_gaussian_blur_medium,perturbation,0.0,0.0,0.0,100.0,chart_120,blur,medium
chart_027_complex_area_gaussian_blur_medium,perturbation,0.0,0.25,25.0,50.0,chart_027,blur,medium
chart_001_complex_bar_gaussian_blur_medium,perturbation,0.0,0.0,0.0,11.11111111111111,chart_001,blur,medium
chart_076_medium_area_gaussian_blur_low,perturbation,0.0,0.42857142857142855,42.857142857142854,50.0,chart_076,blur,low
chart_044_medium_bar_random_blocks_medium,perturbation,0.0,0.0,0.0,41.66666666666667,chart_044,blocks,medium
chart_031_complex_bar_rotation_medium,perturbation,0.0,0.0,0.0,15.0,chart_031,rotation,medium
chart_119_advanced_pie_legend_corruption_medium,perturbation,0.0,0.0,0.0,100.0,chart_119,corruption,medium
chart_157_medium_line_rotation_medium,perturbation,0.0,0.3333333333333333,16.666666666666664,100.0,chart_157,rotation,medium
chart_003_medium_bar_gaussian_blur_high,perturbation,0.0,0.0,0.0,31.25,chart_003,blur,high
chart_010_advanced_pie_gaussian_blur_low,perturbation,0.0,0.0,0.0,100.0,chart_010,blur,low
chart_170_complex_line_gaussian_blur_medium,perturbation,0.0,0.0,0.0,100.0,chart_170,blur,medium
chart_052_advanced_area_random_blocks_medium,perturbation,0.0,0.7857142857142857,35.714285714285715,100.0,chart_052,blocks,medium
chart_013_advanced_bar_gaussian_blur_medium,perturbation,0.0,0.15384615384615385,0.0,50.0,chart_013,blur,medium
chart_167_advanced_area_brightness_shift_low,perturbation,0.0,0.0,0.0,50.0,chart_167,shift,low
chart_189_medium_pie_gaussian_blur_low,perturbation,0.0,0.0,0.0,100.0,chart_189,blur,low
chart_074_complex_bar_brightness_shift_medium,perturbation,0.0,0.0,0.0,16.666666666666664,chart_074,shift,medium
chart_041_medium_line_rotation_medium,perturbation,0.0,0.0,0.0,75.0,chart_041,rotation,medium
chart_165_advanced_pie_random_blocks_medium,perturbation,0.0,0.0,0.0,100.0,chart_165,blocks,medium
chart_042_medium_bar_random_blocks_medium,perturbation,0.0,0.0,0.0,16.666666666666664,chart_042,blocks,medium
chart_132_complex_bar_rotation_medium,perturbation,0.0,0.0,0.0,17.307692307692307,chart_132,rotation,medium
chart_156_complex_bar_gaussian_blur_high,perturbation,0.0,0.0,0.0,12.5,chart_156,blur,high
chart_025_medium_bar_gaussian_blur_medium,perturbation,0.0,0.0,0.0,25.0,chart_025,blur,medium
chart_066_advanced_bar_brightness_shift_medium,perturbation,0.0,0.46153846153846156,38.46153846153847,50.0,chart_066,shift,medium
chart_044_medium_bar_rotation_medium,perturbation,0.0,0.0,0.0,40.0,chart_044,rotation,medium
chart_028_advanced_area_brightness_shift_low,perturbation,0.0,0.0,0.0,23.52941176470588,chart_028,shift,low
chart_067_advanced_scatter_brightness_shift_high,perturbation,0.0,0.0,0.0,100.0,chart_067,shift,high
chart_179_advanced_bar_gaussian_blur_medium,perturbation,0.0,0.5384615384615384,23.076923076923077,50.0,chart_179,blur,medium
chart_196_advanced_scatter_legend_corruption_medium,perturbation,0.0,0.2857142857142857,7.142857142857142,100.0,chart_196,corruption,medium
chart_059_advanced_bar_random_blocks_medium,perturbation,0.0,0.03571428571428571,9.090909090909092,12.222222222222221,chart_059,blocks,medium
chart_008_complex_pie_legend_corruption_medium,perturbation,0.0,0.0,0.0,100.0,chart_008,corruption,medium
chart_078_complex_bar_legend_corruption_medium,perturbation,0.0,0.23333333333333336,58.333333333333336,12.5,chart_078,corruption,medium
chart_008_complex_pie_gaussian_blur_low,perturbation,0.0,0.0,0.0,100.0,chart_008,blur,low
chart_016_medium_area_legend_corruption_medium,perturbation,0.0,0.4444444444444444,33.33333333333333,50.0,chart_016,corruption,medium
chart_174_complex_line_gaussian_blur_medium,perturbation,0.0,0.10000000000000002,10.0,100.0,chart_174,blur,medium
chart_036_advanced_bar_legend_corruption_medium,perturbation,0.0,0.0,0.0,16.666666666666664,chart_036,corruption,medium
chart_074_complex_bar_gaussian_blur_low,perturbation,0.0,0.0,0.0,16.666666666666664,chart_074,blur,low
chart_002_medium_bar_brightness_shift_medium,perturbation,0.0,0.0,0.0,27.77777777777778,chart_002,shift,medium
chart_120_complex_pie_rotation_high,perturbation,0.0,0.0,0.0,100.0,chart_120,rotation,high
chart_030_medium_bar_brightness_shift_high,perturbation,0.0,0.0,0.0,25.0,chart_030,shift,high
chart_011_medium_scatter_gaussian_blur_medium,perturbation,0.0,0.0,0.0,92.85714285714286,chart_011,blur,medium
chart_121_complex_scatter_legend_corruption_medium,perturbation,0.0,0.0,0.0,90.0,chart_121,corruption,medium
chart_151_complex_line_rotation_medium,perturbation,0.0,0.36363636363636365,18.181818181818183,100.0,chart_151,rotation,medium
chart_169_medium_scatter_rotation_medium,perturbation,0.0,0.0,0.0,92.85714285714286,chart_169,rotation,medium
chart_129_complex_bar_brightness_shift_medium,perturbation,0.0,0.0,0.0,12.5,chart_129,shift,medium
chart_109_advanced_bar_rotation_low,perturbation,0.0,0.8000000000000002,66.66666666666666,50.0,chart_109,rotation,low
chart_008_complex_pie_rotation_high,perturbation,0.0,0.0,0.0,100.0,chart_008,rotation,high
chart_131_complex_bar_gaussian_blur_medium,perturbation,0.0,0.0,0.0,16.666666666666664,chart_131,blur,medium
chart_064_complex_pie_random_blocks_medium,perturbation,0.0,0.0,0.0,100.0,chart_064,blocks,medium
chart_183_complex_bar_gaussian_blur_medium,perturbation,0.0,0.0,0.0,16.666666666666664,chart_183,blur,medium
chart_119_advanced_pie_brightness_shift_medium,perturbation,0.0,0.0,0.0,100.0,chart_119,shift,medium
chart_010_advanced_pie_brightness_shift_medium,perturbation,0.0,0.0,0.0,100.0,chart_010,shift,medium
chart_162_complex_bar_brightness_shift_low,perturbation,0.0,0.0,0.0,12.5,chart_162,shift,low
chart_196_advanced_scatter_gaussian_blur_low,perturbation,0.0,0.42857142857142855,35.714285714285715,100.0,chart_196,blur,low
chart_134_advanced_scatter_rotation_high,perturbation,0.0,0.0,0.0,100.0,chart_134,rotation,high
chart_133_medium_line_legend_corruption_medium,perturbation,0.0,0.33333333333333326,10.0,90.0,chart_133,corruption,medium
chart_081_complex_scatter_rotation_medium,perturbation,0.0,0.0,0.0,100.0,chart_081,rotation,medium
chart_116_advanced_pie_random_blocks_medium,perturbation,0.0,0.0,0.0,96.42857142857143,chart_116,blocks,medium
chart_058_complex_bar_random_blocks_medium,perturbation,0.0,0.0,0.0,16.666666666666664,chart_058,blocks,medium
chart_195_advanced_pie_legend_corruption_medium,perturbation,0.0,0.0,0.0,100.0,chart_195,corruption,medium
chart_113_complex_bar_brightness_shift_high,perturbation,0.0,0.0,0.0,18.181818181818183,chart_113,shift,high
chart_134_advanced_scatter_brightness_shift_high,perturbation,0.0,0.0,0.0,100.0,chart_134,shift,high
chart_034_medium_line_gaussian_blur_medium,perturbation,0.0,0.19047619047619047,0.0,75.0,chart_034,blur,medium
chart_087_complex_scatter_legend_corruption_medium,perturbation,0.0,0.3333333333333333,11.11111111111111,100.0,chart_087,corruption,medium
chart_013_advanced_bar_gaussian_blur_low,perturbation,0.0,0.15384615384615385,15.384615384615385,50.0,chart_013,blur,low
chart_154_medium_area_legend_corruption_medium,perturbation,0.0,0.4000000000000001,20.0,50.0,chart_154,corruption,medium
chart_155_advanced_pie_rotation_medium,perturbation,0.0,0.0,0.0,100.0,chart_155,rotation,medium
chart_134_advanced_scatter_gaussian_blur_high,perturbation,0.0,0.18181818181818182,9.090909090909092,100.0,chart_134,blur,high
chart_180_advanced_bar_random_blocks_medium,perturbation,0.0,0.25,16.666666666666664,50.0,chart_180,blocks,medium
chart_061_complex_bar_gaussian_blur_medium,perturbation,0.0,0.0,0.0,16.666666666666664,chart_061,blur,medium
chart_193_medium_line_brightness_shift_medium,perturbation,0.0,0.6666666666666666,33.33333333333333,100.0,chart_193,shift,medium
chart_076_medium_area_gaussian_blur_high,perturbation,0.0,0.5714285714285714,57.14285714285714,50.0,chart_076,blur,high
chart_045_complex_bar_brightness_shift_medium,perturbation,0.0,0.0,0.0,16.666666666666664,chart_045,shift,medium
chart_079_complex_bar_legend_corruption_medium,perturbation,0.0,0.0,0.0,18.181818181818183,chart_079,corruption,medium
chart_036_advanced_bar_gaussian_blur_low,perturbation,0.0,0.0,0.0,18.51851851851852,chart_036,blur,low
chart_072_advanced_line_legend_corruption_medium,perturbation,0.0,0.7,50.0,100.0,chart_072,corruption,medium
chart_008_complex_pie_gaussian_blur_medium,perturbation,0.0,0.0,0.0,100.0,chart_008,blur,medium
chart_092_advanced_scatter_rotation_medium,perturbation,0.0,0.0,0.0,100.0,chart_092,rotation,medium
chart_133_medium_line_random_blocks_medium,perturbation,0.0,0.0,0.0,50.0,chart_133,blocks,medium
chart_030_medium_bar_brightness_shift_medium,perturbation,0.0,0.0,0.0,25.0,chart_030,shift,medium
chart_007_complex_line_brightness_shift_medium,perturbation,0.0,0.20000000000000004,10.0,100.0,chart_007,shift,medium
chart_110_complex_area_legend_corruption_medium,perturbation,0.0,0.13333333333333333,12.5,43.75,chart_110,corruption,medium
chart_002_medium_line_brightness_shift_medium,perturbation,0.0,0.3,0.0,100.0,chart_002,shift,medium
chart_158_medium_bar_rotation_medium,perturbation,0.0,0.0,0.0,16.666666666666664,chart_158,rotation,medium
chart_116_advanced_pie_brightness_shift_medium,perturbation,0.0,0.0,0.0,100.0,chart_116,shift,medium
chart_083_complex_bar_rotation_high,perturbation,0.0,0.0,0.0,16.666666666666664,chart_083,rotation,high
chart_036_advanced_bar_gaussian_blur_high,perturbation,0.0,0.0,0.0,20.833333333333336,chart_036,blur,high
chart_061_complex_bar_rotation_medium,perturbation,0.0,0.0,0.0,16.666666666666664,chart_061,rotation,medium
chart_027_complex_area_rotation_medium,perturbation,0.0,0.25,12.5,50.0,chart_027,rotation,medium
chart_153_advanced_pie_brightness_shift_low,perturbation,0.0,0.0,0.0,100.0,chart_153,shift,low
chart_129_complex_bar_rotation_high,perturbation,0.0,0.0,0.0,12.5,chart_129,rotation,high
chart_036_advanced_bar_rotation_high,perturbation,0.0,0.0,0.0,20.833333333333336,chart_036,rotation,high
chart_030_medium_bar_rotation_low,perturbation,0.0,0.0,0.0,25.0,chart_030,rotation,low
chart_093_complex_area_random_blocks_medium,perturbation,0.0,0.0,0.0,0.0,chart_093,blocks,medium
chart_153_advanced_pie_brightness_shift_high,perturbation,0.0,0.0,0.0,100.0,chart_153,shift,high
chart_140_medium_scatter_random_blocks_medium,perturbation,0.0,0.0,0.0,83.33333333333333,chart_140,blocks,medium
chart_158_medium_bar_gaussian_blur_high,perturbation,0.0,0.0,0.0,16.666666666666664,chart_158,blur,high
chart_030_medium_bar_gaussian_blur_medium,perturbation,0.0,0.0,0.0,25.0,chart_030,blur,medium
chart_031_complex_bar_brightness_shift_medium,perturbation,0.0,0.0,0.0,18.75,chart_031,shift,medium
chart_036_advanced_bar_random_blocks_medium,perturbation,0.0,0.0,0.0,41.66666666666667,chart_036,blocks,medium
chart_189_medium_pie_gaussian_blur_high,perturbation,0.0,0.0,0.0,100.0,chart_189,blur,high
chart_117_medium_line_brightness_shift_medium,perturbation,0.0,0.25,33.33333333333333,66.66666666666666,chart_117,shift,medium
chart_104_advanced_line_gaussian_blur_medium,perturbation,0.0,0.21428571428571427,7.142857142857142,100.0,chart_104,blur,medium
chart_129_complex_bar_gaussian_blur_medium,perturbation,0.0,0.0,0.0,12.5,chart_129,blur,medium
chart_120_complex_pie_brightness_shift_low,perturbation,0.0,0.0,0.0,100.0,chart_120,shift,low
chart_059_advanced_bar_brightness_shift_low,perturbation,0.0,0.09090909090909091,9.090909090909092,50.0,chart_059,shift,low
chart_147_complex_pie_random_blocks_medium,perturbation,0.0,0.0,0.0,100.0,chart_147,blocks,medium
chart_183_complex_bar_brightness_shift_medium,perturbation,0.0,0.0,0.0,16.666666666666664,chart_183,shift,medium
chart_013_advanced_bar_brightness_shift_high,perturbation,0.0,0.23076923076923078,23.076923076923077,50.0,chart_013,shift,high
chart_200_complex_pie_gaussian_blur_medium,perturbation,0.0,0.0,0.0,100.0,chart_200,blur,medium
chart_083_complex_bar_gaussian_blur_high,perturbation,0.0,0.0,0.0,16.666666666666664,chart_083,blur,high
chart_118_medium_line_gaussian_blur_medium,perturbation,0.0,0.4166666666666667,66.66666666666666,66.66666666666666,chart_118,blur,medium
chart_059_advanced_bar_rotation_low,perturbation,0.0,0.09090909090909091,9.090909090909092,50.0,chart_059,rotation,low
chart_160_complex_bar_brightness_shift_medium,perturbation,0.0,0.0,0.0,12.5,chart_160,shift,medium
chart_162_complex_bar_brightness_shift_medium,perturbation,0.0,0.0,0.0,12.5,chart_162,shift,medium
chart_012_advanced_line_legend_corruption_medium,perturbation,0.0,0.0,0.0,95.83333333333333,chart_012,corruption,medium
chart_071_advanced_bar_gaussian_blur_medium,perturbation,0.0,0.38461538461538464,23.076923076923077,50.0,chart_071,blur,medium
chart_071_advanced_bar_rotation_high,perturbation,0.0,0.23076923076923078,23.076923076923077,50.0,chart_071,rotation,high
chart_138_complex_bar_random_blocks_medium,perturbation,0.0,0.0,0.0,13.88888888888889,chart_138,blocks,medium
chart_094_complex_scatter_random_blocks_medium,perturbation,0.0,0.0,0.0,91.66666666666667,chart_094,blocks,medium
chart_023_medium_scatter_rotation_medium,perturbation,0.0,0.0,0.0,80.0,chart_023,rotation,medium
chart_076_medium_area_brightness_shift_low,perturbation,0.0,0.5714285714285714,42.857142857142854,50.0,chart_076,shift,low
chart_122_advanced_scatter_gaussian_blur_low,perturbation,0.0,1.0,83.33333333333334,100.0,chart_122,blur,low
chart_071_advanced_bar_rotation_low,perturbation,0.0,0.38461538461538464,23.076923076923077,50.0,chart_071,rotation,low
chart_120_complex_pie_legend_corruption_medium,perturbation,0.0,0.0,0.0,100.0,chart_120,corruption,medium
chart_160_complex_bar_legend_corruption_medium,perturbation,0.0,0.0,0.0,12.5,chart_160,corruption,medium
chart_051_advanced_area_legend_corruption_medium,perturbation,0.0,0.5384615384615384,38.46153846153847,100.0,chart_051,corruption,medium
chart_050_medium_pie_random_blocks_medium,perturbation,0.0,0.0,0.0,100.0,chart_050,blocks,medium
chart_183_complex_bar_legend_corruption_medium,perturbation,0.0,0.5294117647058824,88.88888888888889,18.0,chart_183,corruption,medium
chart_076_medium_area_rotation_low,perturbation,0.0,0.42857142857142855,28.57142857142857,50.0,chart_076,rotation,low
chart_159_complex_line_rotation_medium,perturbation,0.0,0.16666666666666666,8.333333333333332,100.0,chart_159,rotation,medium
chart_088_complex_bar_rotation_medium,perturbation,0.0,0.0,0.0,12.5,chart_088,rotation,medium
chart_097_medium_line_legend_corruption_medium,perturbation,0.0,0.38095238095238093,28.57142857142857,75.0,chart_097,corruption,medium
chart_109_advanced_bar_gaussian_blur_medium,perturbation,0.0,0.0,0.0,12.5,chart_109,blur,medium
chart_002_medium_bar_rotation_high,perturbation,0.0,0.0,0.0,27.77777777777778,chart_002,rotation,high
chart_019_advanced_scatter_brightness_shift_medium,perturbation,0.0,0.6666666666666667,33.33333333333333,80.0,chart_019,shift,medium
chart_109_advanced_bar_rotation_medium,perturbation,0.0,0.0,0.0,13.392857142857142,chart_109,rotation,medium
chart_030_medium_bar_legend_corruption_medium,perturbation,0.0,0.0,0.0,30.0,chart_030,corruption,medium
chart_067_advanced_scatter_rotation_medium,perturbation,0.0,0.09090909090909091,0.0,100.0,chart_067,rotation,medium
chart_113_complex_bar_brightness_shift_low,perturbation,0.0,0.0,0.0,16.666666666666664,chart_113,shift,low
chart_082_complex_line_brightness_shift_high,perturbation,0.0,0.2727272727272727,9.090909090909092,100.0,chart_082,shift,high
chart_003_medium_bar_rotation_high,perturbation,0.0,0.0,0.0,31.25,chart_003,rotation,high
chart_158_medium_bar_brightness_shift_high,perturbation,0.0,0.0,0.0,16.666666666666664,chart_158,shift,high
chart_080_medium_pie_random_blocks_medium,perturbation,0.0,0.0,0.0,100.0,chart_080,blocks,medium
chart_092_advanced_scatter_legend_corruption_medium,perturbation,0.0,0.14814814814814814,13.333333333333334,90.0,chart_092,corruption,medium
chart_093_complex_area_gaussian_blur_low,perturbation,0.0,0.2222222222222222,0.0,50.0,chart_093,blur,low
chart_158_medium_bar_gaussian_blur_low,perturbation,0.0,0.0,0.0,16.666666666666664,chart_158,blur,low
chart_190_advanced_line_gaussian_blur_medium,perturbation,0.0,0.13043478260869568,13.333333333333334,74.19354838709677,chart_190,blur,medium
chart_166_medium_bar_gaussian_blur_medium,perturbation,0.0,0.0,0.0,25.0,chart_166,blur,medium
chart_087_complex_scatter_brightness_shift_medium,perturbation,0.0,0.3333333333333333,11.11111111111111,100.0,chart_087,shift,medium
chart_192_complex_line_gaussian_blur_high,perturbation,0.0,0.2727272727272727,18.181818181818183,100.0,chart_192,blur,high
chart_080_medium_pie_rotation_medium,perturbation,0.0,0.0,0.0,100.0,chart_080,rotation,medium
chart_099_medium_line_brightness_shift_medium,perturbation,0.0,0.5,33.33333333333333,100.0,chart_099,shift,medium
chart_058_complex_bar_brightness_shift_low,perturbation,0.0,0.0,0.0,12.5,chart_058,shift,low
chart_147_complex_pie_legend_corruption_medium,perturbation,0.0,0.0,0.0,93.75,chart_147,corruption,medium
chart_102_medium_line_gaussian_blur_high,perturbation,0.0,0.0,0.0,66.66666666666666,chart_102,blur,high
chart_010_advanced_pie_rotation_high,perturbation,0.0,0.0,0.0,100.0,chart_010,rotation,high
chart_027_complex_area_legend_corruption_medium,perturbation,0.0,0.0,0.0,14.285714285714285,chart_027,corruption,medium
chart_046_medium_line_brightness_shift_medium,perturbation,0.0,0.0,0.0,75.0,chart_046,shift,medium
chart_200_complex_pie_brightness_shift_medium,perturbation,0.0,0.0,0.0,100.0,chart_200,shift,medium
chart_175_advanced_bar_gaussian_blur_medium,perturbation,0.0,0.28571428571428575,72.72727272727273,10.576923076923077,chart_175,blur,medium
chart_134_advanced_scatter_brightness_shift_medium,perturbation,0.0,0.0,0.0,100.0,chart_134,shift,medium
chart_116_advanced_pie_gaussian_blur_medium,perturbation,0.0,0.0,0.0,100.0,chart_116,blur,medium
chart_036_advanced_bar_brightness_shift_high,perturbation,0.0,0.0,0.0,20.833333333333336,chart_036,shift,high
chart_158_medium_bar_brightness_shift_low,perturbation,0.0,0.0,0.0,16.666666666666664,chart_158,shift,low
chart_042_medium_bar_gaussian_blur_medium,perturbation,0.0,0.0,0.0,16.666666666666664,chart_042,blur,medium
chart_010_advanced_pie_random_blocks_medium,perturbation,0.0,0.0,0.0,100.0,chart_010,blocks,medium
chart_173_advanced_line_random_blocks_medium,perturbation,0.0,0.0909090909090909,0.0,91.66666666666667,chart_173,blocks,medium
chart_111_medium_line_gaussian_blur_medium,perturbation,0.0,0.0,0.0,75.0,chart_111,blur,medium
chart_050_medium_pie_rotation_high,perturbation,0.0,0.0,0.0,100.0,chart_050,rotation,high
chart_042_medium_bar_gaussian_blur_high,perturbation,0.0,0.0,0.0,16.666666666666664,chart_042,blur,high
chart_003_medium_bar_brightness_shift_low,perturbation,0.0,0.0,0.0,31.25,chart_003,shift,low
chart_051_advanced_area_brightness_shift_medium,perturbation,0.0,0.5384615384615384,30.76923076923077,50.0,chart_051,shift,medium
chart_142_complex_line_gaussian_blur_medium,perturbation,0.0,0.0,0.0,50.0,chart_142,blur,medium
chart_102_medium_line_rotation_high,perturbation,0.0,0.0,0.0,66.66666666666666,chart_102,rotation,high
chart_190_advanced_line_random_blocks_medium,perturbation,0.0,0.13333333333333333,13.333333333333334,100.0,chart_190,blocks,medium
chart_001_complex_bar_legend_corruption_medium,perturbation,0.0,0.0,0.0,11.11111111111111,chart_001,corruption,medium
chart_167_advanced_area_gaussian_blur_medium,perturbation,0.0,0.16666666666666669,20.0,19.230769230769234,chart_167,blur,medium
chart_011_medium_scatter_brightness_shift_high,perturbation,0.0,0.0,0.0,92.85714285714286,chart_011,shift,high
chart_032_advanced_scatter_legend_corruption_medium,perturbation,0.0,0.0,0.0,67.85714285714286,chart_032,corruption,medium
chart_043_medium_pie_brightness_shift_high,perturbation,0.0,0.0,0.0,100.0,chart_043,shift,high
chart_030_medium_bar_brightness_shift_low,perturbation,0.0,0.0,0.0,25.0,chart_030,shift,low
chart_142_complex_line_legend_corruption_medium,perturbation,0.0,0.11111111111111112,0.0,90.0,chart_142,corruption,medium
chart_045_complex_bar_rotation_low,perturbation,0.0,0.0,0.0,16.666666666666664,chart_045,rotation,low
chart_144_complex_bar_brightness_shift_medium,perturbation,0.0,0.0,0.0,16.666666666666664,chart_144,shift,medium
chart_036_advanced_bar_rotation_medium,perturbation,0.0,0.0,0.0,20.833333333333336,chart_036,rotation,medium
chart_013_advanced_bar_rotation_low,perturbation,0.0,0.15384615384615385,7.6923076923076925,50.0,chart_013,rotation,low
chart_008_complex_pie_random_blocks_medium,perturbation,0.0,0.0,0.0,95.83333333333333,chart_008,blocks,medium
chart_056_medium_bar_rotation_medium,perturbation,0.0,0.0,0.0,16.666666666666664,chart_056,rotation,medium
chart_078_complex_bar_rotation_medium,perturbation,0.0,0.5,25.0,50.0,chart_078,rotation,medium
chart_052_advanced_area_gaussian_blur_medium,perturbation,0.0,0.7142857142857143,28.57142857142857,100.0,chart_052,blur,medium
chart_162_complex_bar_rotation_high,perturbation,0.0,0.0,0.0,12.5,chart_162,rotation,high
chart_179_advanced_bar_brightness_shift_high,perturbation,0.0,0.13793103448275862,15.384615384615385,40.625,chart_179,shift,high
chart_154_medium_area_brightness_shift_medium,perturbation,0.0,0.3,30.0,50.0,chart_154,shift,medium
chart_098_complex_bar_gaussian_blur_medium,perturbation,0.0,0.0,0.0,16.666666666666664,chart_098,blur,medium
chart_041_medium_line_legend_corruption_medium,perturbation,0.0,0.0,0.0,78.57142857142857,chart_041,corruption,medium
chart_076_medium_area_random_blocks_medium,perturbation,0.0,0.2857142857142857,28.57142857142857,50.0,chart_076,blocks,medium
chart_017_complex_scatter_random_blocks_medium,perturbation,0.0,0.0,0.0,75.0,chart_017,blocks,medium
chart_043_medium_pie_rotation_low,perturbation,0.0,0.0,0.0,100.0,chart_043,rotation,low
chart_120_complex_pie_gaussian_blur_high,perturbation,0.0,0.0,0.0,100.0,chart_120,blur,high
chart_184_complex_bar_brightness_shift_medium,perturbation,0.0,0.0,0.0,16.666666666666664,chart_184,shift,medium
chart_028_advanced_area_gaussian_blur_low,perturbation,0.0,0.0,0.0,10.0,chart_028,blur,low
chart_028_advanced_area_random_blocks_medium,perturbation,0.0,0.375,25.0,50.0,chart_028,blocks,medium
chart_008_complex_pie_brightness_shift_high,perturbation,0.0,0.0,0.0,79.16666666666667,chart_008,shift,high
chart_010_advanced_pie_rotation_medium,perturbation,0.0,0.0,0.0,100.0,chart_010,rotation,medium
chart_092_advanced_scatter_brightness_shift_medium,perturbation,0.0,0.26666666666666666,13.333333333333334,100.0,chart_092,shift,medium
chart_074_complex_bar_random_blocks_medium,perturbation,0.0,0.0,0.0,18.333333333333332,chart_074,blocks,medium
chart_010_advanced_pie_brightness_shift_low,perturbation,0.0,0.0,0.0,100.0,chart_010,shift,low
chart_016_medium_area_random_blocks_medium,perturbation,0.0,0.23529411764705882,22.22222222222222,44.44444444444444,chart_016,blocks,medium
chart_088_complex_bar_gaussian_blur_medium,perturbation,0.0,0.0,0.0,11.11111111111111,chart_088,blur,medium
chart_153_advanced_pie_brightness_shift_medium,perturbation,0.0,0.0,0.0,100.0,chart_153,shift,medium
chart_007_complex_line_rotation_low,perturbation,0.0,0.10000000000000002,0.0,100.0,chart_007,rotation,low
chart_034_medium_line_rotation_high,perturbation,0.0,0.5714285714285714,28.57142857142857,100.0,chart_034,rotation,high
chart_121_complex_scatter_brightness_shift_medium,perturbation,0.0,0.0,0.0,100.0,chart_121,shift,medium
chart_081_complex_scatter_gaussian_blur_medium,perturbation,0.0,0.0,0.0,100.0,chart_081,blur,medium
chart_088_complex_bar_legend_corruption_medium,perturbation,0.0,0.0,0.0,12.5,chart_088,corruption,medium
chart_087_complex_scatter_gaussian_blur_high,perturbation,0.0,0.0,0.0,100.0,chart_087,blur,high
chart_050_medium_pie_gaussian_blur_low,perturbation,0.0,0.0,0.0,100.0,chart_050,blur,low
chart_108_medium_bar_gaussian_blur_medium,perturbation,0.0,0.0,0.0,25.0,chart_108,blur,medium
chart_128_complex_bar_rotation_medium,perturbation,0.0,0.0,0.0,12.5,chart_128,rotation,medium
chart_014_complex_bar_legend_corruption_medium,perturbation,0.0,0.0,0.0,12.5,chart_014,corruption,medium
chart_172_medium_bar_gaussian_blur_medium,perturbation,0.0,0.0,0.0,16.666666666666664,chart_172,blur,medium
chart_155_advanced_pie_brightness_shift_medium,perturbation,0.0,0.0,0.0,100.0,chart_155,shift,medium
chart_051_advanced_area_gaussian_blur_medium,perturbation,0.0,0.6153846153846154,38.46153846153847,100.0,chart_051,blur,medium
chart_116_advanced_pie_rotation_medium,perturbation,0.0,0.0,0.0,100.0,chart_116,rotation,medium
chart_008_complex_pie_brightness_shift_low,perturbation,0.0,0.0,0.0,100.0,chart_008,shift,low
chart_007_complex_line_gaussian_blur_high,perturbation,0.0,0.10000000000000002,0.0,100.0,chart_007,blur,high
chart_047_complex_bar_random_blocks_medium,perturbation,0.0,0.0,0.0,50.0,chart_047,blocks,medium
chart_136_medium_bar_rotation_medium,perturbation,0.0,0.0,0.0,16.666666666666664,chart_136,rotation,medium
chart_147_complex_pie_brightness_shift_medium,perturbation,0.0,0.0,0.0,100.0,chart_147,shift,medium
chart_190_advanced_line_brightness_shift_low,perturbation,0.0,0.20000000000000004,20.0,100.0,chart_190,shift,low
chart_030_medium_bar_rotation_high,perturbation,0.0,0.0,0.0,25.0,chart_030,rotation,high
chart_109_advanced_bar_gaussian_blur_low,perturbation,0.0,0.0,0.0,13.392857142857142,chart_109,blur,low
chart_034_medium_line_gaussian_blur_high,perturbation,0.0,0.2857142857142857,0.0,75.0,chart_034,blur,high
chart_192_complex_line_brightness_shift_low,perturbation,0.0,0.0,0.0,50.0,chart_192,shift,low
chart_007_complex_line_gaussian_blur_low,perturbation,0.0,0.10000000000000002,0.0,100.0,chart_007,blur,low
chart_102_medium_line_rotation_low,perturbation,0.0,0.0,0.0,66.66666666666666,chart_102,rotation,low
chart_159_complex_line_gaussian_blur_low,perturbation,0.0,0.08333333333333333,0.0,100.0,chart_159,blur,low
chart_156_complex_bar_rotation_low,perturbation,0.0,0.0,0.0,11.702127659574469,chart_156,rotation,low
chart_159_complex_line_brightness_shift_high,perturbation,0.0,0.25,8.333333333333332,100.0,chart_159,shift,high
chart_129_complex_bar_brightness_shift_high,perturbation,0.0,0.0,0.0,12.5,chart_129,shift,high
chart_050_medium_pie_gaussian_blur_high,perturbation,0.0,0.0,0.0,100.0,chart_050,blur,high
chart_043_medium_pie_rotation_high,perturbation,0.0,0.0,0.0,100.0,chart_043,rotation,high
chart_087_complex_scatter_brightness_shift_high,perturbation,0.0,0.0,0.0,100.0,chart_087,shift,high
chart_134_advanced_scatter_rotation_low,perturbation,0.0,0.0,0.0,100.0,chart_134,rotation,low
chart_035_medium_line_gaussian_blur_low,perturbation,0.0,0.6666666666666666,33.33333333333333,100.0,chart_035,blur,low
chart_040_medium_area_rotation_high,perturbation,0.0,0.0,0.0,25.0,chart_040,rotation,high
chart_134_advanced_scatter_gaussian_blur_low,perturbation,0.0,0.0,0.0,100.0,chart_134,blur,low
chart_129_complex_bar_gaussian_blur_low,perturbation,0.0,0.0,0.0,12.5,chart_129,blur,low
chart_082_complex_line_brightness_shift_low,perturbation,0.0,0.2727272727272727,9.090909090909092,100.0,chart_082,shift,low
chart_011_medium_scatter_rotation_low,perturbation,0.0,0.0,0.0,85.71428571428572,chart_011,rotation,low
chart_190_advanced_line_brightness_shift_high,perturbation,0.0,0.26666666666666666,26.666666666666668,100.0,chart_190,shift,high
chart_064_complex_pie_rotation_high,perturbation,0.0,0.0,0.0,100.0,chart_064,rotation,high
chart_153_advanced_pie_gaussian_blur_high,perturbation,0.0,0.0,0.0,100.0,chart_153,blur,high
chart_159_complex_line_rotation_low,perturbation,0.0,0.16666666666666666,8.333333333333332,100.0,chart_159,rotation,low
chart_003_medium_bar_rotation_low,perturbation,0.0,0.0,0.0,31.25,chart_003,rotation,low
chart_190_advanced_line_gaussian_blur_low,perturbation,0.0,0.26666666666666666,26.666666666666668,100.0,chart_190,blur,low
chart_162_complex_bar_rotation_low,perturbation,0.0,0.0,0.0,12.5,chart_162,rotation,low
chart_167_advanced_area_gaussian_blur_low,perturbation,0.0,0.10000000000000002,10.0,50.0,chart_167,blur,low
chart_002_medium_bar_brightness_shift_low,perturbation,0.0,0.0,0.0,27.77777777777778,chart_002,shift,low
chart_034_medium_line_brightness_shift_high,perturbation,0.0,0.2857142857142857,28.57142857142857,75.0,chart_034,shift,high
chart_074_complex_bar_gaussian_blur_high,perturbation,0.0,0.0,0.0,16.666666666666664,chart_074,blur,high
chart_087_complex_scatter_gaussian_blur_low,perturbation,0.0,0.3333333333333333,11.11111111111111,100.0,chart_087,blur,low
chart_035_medium_line_rotation_high,perturbation,0.0,0.3333333333333333,33.33333333333333,100.0,chart_035,rotation,high
chart_028_advanced_area_rotation_high,perturbation,0.0,0.0,0.0,26.666666666666668,chart_028,rotation,high
chart_002_medium_line_brightness_shift_low,perturbation,0.0,0.4000000000000001,10.0,100.0,chart_002,shift,low
chart_083_complex_bar_brightness_shift_low,perturbation,0.0,0.0,0.0,16.666666666666664,chart_083,shift,low
chart_040_medium_area_brightness_shift_high,perturbation,0.0,0.0,0.0,37.5,chart_040,shift,high
chart_059_advanced_bar_rotation_high,perturbation,0.0,0.2424242424242424,63.63636363636363,10.0,chart_059,rotation,high
chart_034_medium_line_rotation_low,perturbation,0.0,0.2857142857142857,28.57142857142857,75.0,chart_034,rotation,low
chart_167_advanced_area_brightness_shift_high,perturbation,0.0,0.0,0.0,50.0,chart_167,shift,high
chart_045_complex_bar_brightness_shift_low,perturbation,0.0,0.0,0.0,16.666666666666664,chart_045,shift,low
chart_002_medium_line_rotation_low,perturbation,0.0,0.4000000000000001,0.0,100.0,chart_002,rotation,low
chart_153_advanced_pie_rotation_high,perturbation,0.0,0.0,0.0,100.0,chart_153,rotation,high
chart_129_complex_bar_gaussian_blur_high,perturbation,0.0,0.0,0.0,12.5,chart_129,blur,high
chart_087_complex_scatter_rotation_low,perturbation,0.0,0.0,0.0,100.0,chart_087,rotation,low
chart_195_advanced_pie_rotation_low,perturbation,0.0,0.0,0.0,100.0,chart_195,rotation,low
chart_109_advanced_bar_brightness_shift_low,perturbation,0.0,0.0,0.0,12.5,chart_109,shift,low
chart_010_advanced_pie_brightness_shift_high,perturbation,0.0,0.0,0.0,100.0,chart_010,shift,high
chart_002_medium_bar_rotation_low,perturbation,0.0,0.0,0.0,27.77777777777778,chart_002,rotation,low
chart_167_advanced_area_gaussian_blur_high,perturbation,0.0,0.0,0.0,50.0,chart_167,blur,high
chart_153_advanced_pie_gaussian_blur_low,perturbation,0.0,0.0,0.0,100.0,chart_153,blur,low
chart_082_complex_line_rotation_low,perturbation,0.0,0.18181818181818182,9.090909090909092,100.0,chart_082,rotation,low
chart_011_medium_scatter_gaussian_blur_high,perturbation,0.0,0.0,0.0,92.85714285714286,chart_011,blur,high
chart_083_complex_bar_gaussian_blur_low,perturbation,0.0,0.0,0.0,16.666666666666664,chart_083,blur,low
chart_192_complex_line_gaussian_blur_low,perturbation,0.0,0.09090909090909091,9.090909090909092,100.0,chart_192,blur,low
chart_043_medium_pie_brightness_shift_low,perturbation,0.0,0.0,0.0,100.0,chart_043,shift,low
chart_147_complex_pie_brightness_shift_low,perturbation,0.0,0.0,0.0,100.0,chart_147,shift,low
chart_074_complex_bar_brightness_shift_high,perturbation,0.0,0.0,0.0,16.666666666666664,chart_074,shift,high
chart_036_advanced_bar_rotation_low,perturbation,0.0,0.0,0.0,20.833333333333336,chart_036,rotation,low
chart_058_complex_bar_brightness_shift_high,perturbation,0.0,0.0,0.0,12.5,chart_058,shift,high
chart_087_complex_scatter_brightness_shift_low,perturbation,0.0,0.3333333333333333,11.11111111111111,100.0,chart_087,shift,low
chart_120_complex_pie_brightness_shift_high,perturbation,0.0,0.0,0.0,100.0,chart_120,shift,high
chart_102_medium_line_brightness_shift_low,perturbation,0.0,0.0,0.0,66.66666666666666,chart_102,shift,low
chart_083_complex_bar_brightness_shift_high,perturbation,0.0,0.0,0.0,16.666666666666664,chart_083,shift,high
chart_189_medium_pie_brightness_shift_high,perturbation,0.0,0.0,0.0,100.0,chart_189,shift,high
chart_002_medium_line_gaussian_blur_high,perturbation,0.0,0.3,0.0,100.0,chart_002,blur,high
chart_082_complex_line_gaussian_blur_high,perturbation,0.0,0.18181818181818182,18.181818181818183,100.0,chart_082,blur,high
chart_011_medium_scatter_brightness_shift_low,perturbation,0.0,0.0,0.0,92.85714285714286,chart_011,shift,low
chart_196_advanced_scatter_gaussian_blur_high,perturbation,0.0,0.35714285714285715,28.57142857142857,100.0,chart_196,blur,high
chart_071_advanced_bar_brightness_shift_low,perturbation,0.0,0.047058823529411764,7.6923076923076925,9.027777777777777,chart_071,shift,low
chart_002_medium_line_gaussian_blur_low,perturbation,0.0,0.3,20.0,100.0,chart_002,blur,low
chart_074_complex_bar_rotation_low,perturbation,0.0,0.0,0.0,16.666666666666664,chart_074,rotation,low
chart_040_medium_area_brightness_shift_low,perturbation,0.0,0.0,0.0,37.5,chart_040,shift,low
chart_158_medium_bar_rotation_high,perturbation,0.0,0.0,0.0,16.666666666666664,chart_158,rotation,high
chart_113_complex_bar_rotation_low,perturbation,0.0,0.0,0.0,17.391304347826086,chart_113,rotation,low
chart_028_advanced_area_gaussian_blur_high,perturbation,0.0,0.0,0.0,22.22222222222222,chart_028,blur,high
chart_059_advanced_bar_gaussian_blur_high,perturbation,0.0,0.23376623376623376,54.54545454545454,8.333333333333332,chart_059,blur,high
chart_113_complex_bar_rotation_high,perturbation,0.0,0.0,0.0,17.391304347826086,chart_113,rotation,high
chart_122_advanced_scatter_brightness_shift_low,perturbation,0.0,1.0,83.33333333333334,100.0,chart_122,shift,low
chart_083_complex_bar_rotation_low,perturbation,0.0,0.0,0.0,16.666666666666664,chart_083,rotation,low
chart_013_advanced_bar_gaussian_blur_high,perturbation,0.0,0.23076923076923078,15.384615384615385,50.0,chart_013,blur,high
chart_093_complex_area_rotation_high,perturbation,0.0,0.1111111111111111,0.0,50.0,chart_093,rotation,high
chart_122_advanced_scatter_gaussian_blur_high,perturbation,0.0,1.0,83.33333333333334,100.0,chart_122,blur,high
chart_179_advanced_bar_gaussian_blur_low,perturbation,0.0,0.3076923076923077,15.384615384615385,50.0,chart_179,blur,low
chart_030_medium_bar_gaussian_blur_high,perturbation,0.0,0.0,0.0,25.0,chart_030,blur,high
chart_104_advanced_line_rotation_low,perturbation,0.0,0.14285714285714285,0.0,100.0,chart_104,rotation,low
chart_120_complex_pie_gaussian_blur_low,perturbation,0.0,0.0,0.0,100.0,chart_120,blur,low
chart_167_advanced_area_rotation_low,perturbation,0.0,0.0,0.0,50.0,chart_167,rotation,low
chart_067_advanced_scatter_gaussian_blur_low,perturbation,0.0,0.09090909090909091,9.090909090909092,100.0,chart_067,blur,low
chart_010_advanced_pie_rotation_low,perturbation,0.0,0.0,0.0,100.0,chart_010,rotation,low
chart_002_medium_bar_brightness_shift_high,perturbation,0.0,0.0,0.0,27.77777777777778,chart_002,shift,high
chart_196_advanced_scatter_rotation_low,perturbation,0.0,0.0,0.0,100.0,chart_196,rotation,low
chart_007_complex_line_rotation_high,perturbation,0.0,0.10000000000000002,10.0,100.0,chart_007,rotation,high
chart_036_advanced_bar_brightness_shift_low,perturbation,0.0,0.0,0.0,45.0,chart_036,shift,low
chart_059_advanced_bar_brightness_shift_high,perturbation,0.0,0.2121212121212121,63.63636363636363,10.0,chart_059,shift,high
chart_195_advanced_pie_brightness_shift_low,perturbation,0.0,0.0,0.0,100.0,chart_195,shift,low
chart_008_complex_pie_rotation_low,perturbation,0.0,0.0,0.0,100.0,chart_008,rotation,low
chart_156_complex_bar_gaussian_blur_low,perturbation,0.0,0.0,0.0,12.5,chart_156,blur,low
chart_067_advanced_scatter_gaussian_blur_high,perturbation,0.0,0.2727272727272727,9.090909090909092,100.0,chart_067,blur,high
